indicator_id,country_id,date,value,source,source_series_id,ingested_at
G1,US,2025-04-01,3.8,FRED,A191RL1Q225SBEA,2026-06-09T17:30:42.950008
G1,US,2025-07-01,4.4,FRED,A191RL1Q225SBEA,2026-06-09T17:30:42.950008
G1,US,2025-10-01,0.5,FRED,A191RL1Q225SBEA,2026-06-09T17:30:42.950008
G1,US,2026-01-01,1.6,FRED,A191RL1Q225SBEA,2026-06-09T17:30:42.950008
G4,US,2025-06-01,0.5793208714095943,FRED,INDPRO,2026-06-09T17:30:43.455800
G4,US,2025-07-01,1.9187662602012212,FRED,INDPRO,2026-06-09T17:30:43.455800
G4,US,2025-08-01,1.1886779865559305,FRED,INDPRO,2026-06-09T17:30:43.455800
G4,US,2025-09-01,1.8631698334008018,FRED,INDPRO,2026-06-09T17:30:43.455800
G4,US,2025-10-01,1.7593332629600056,FRED,INDPRO,2026-06-09T17:30:43.455800
G4,US,2025-11-01,1.7543117556713783,FRED,INDPRO,2026-06-09T17:30:43.455800
G4,US,2025-12-01,1.1891080493544814,FRED,INDPRO,2026-06-09T17:30:43.455800
G4,US,2026-01-01,1.4080889664387142,FRED,INDPRO,2026-06-09T17:30:43.455800
G4,US,2026-02-01,0.990709134484602,FRED,INDPRO,2026-06-09T17:30:43.455800
G4,US,2026-03-01,0.7577167152940767,FRED,INDPRO,2026-06-09T17:30:43.455800
G4,US,2026-04-01,1.353137956983197,FRED,INDPRO,2026-06-09T17:30:43.455800
I1,US,2025-06-01,2.680453865910226,FRED,CPIAUCSL,2026-06-09T17:30:43.967594
I1,US,2025-07-01,2.742618052167134,FRED,CPIAUCSL,2026-06-09T17:30:43.967594
I1,US,2025-08-01,2.9385917430316155,FRED,CPIAUCSL,2026-06-09T17:30:43.967594
I1,US,2025-09-01,3.0225715847133294,FRED,CPIAUCSL,2026-06-09T17:30:43.967594
I1,US,2025-11-01,2.988299628363511,FRED,CPIAUCSL,2026-06-09T17:30:43.967594
I1,US,2025-12-01,3.00226204316838,FRED,CPIAUCSL,2026-06-09T17:30:43.967594
I1,US,2026-01-01,2.8286797395498997,FRED,CPIAUCSL,2026-06-09T17:30:43.967594
I1,US,2026-02-01,2.6645890876940914,FRED,CPIAUCSL,2026-06-09T17:30:43.967594
I1,US,2026-03-01,3.3202055812236786,FRED,CPIAUCSL,2026-06-09T17:30:43.967594
I1,US,2026-04-01,3.9470269087042764,FRED,CPIAUCSL,2026-06-09T17:30:43.967594
I2,US,2025-06-01,2.910895442696071,FRED,CPILFESL,2026-06-09T17:30:44.579551
I2,US,2025-07-01,3.0544930080893096,FRED,CPILFESL,2026-06-09T17:30:44.579551
I2,US,2025-08-01,3.111806098514469,FRED,CPILFESL,2026-06-09T17:30:44.579551
I2,US,2025-09-01,3.0199668258857892,FRED,CPILFESL,2026-06-09T17:30:44.579551
I2,US,2025-11-01,2.8943434111105226,FRED,CPILFESL,2026-06-09T17:30:44.579551
I2,US,2025-12-01,2.837998245815232,FRED,CPILFESL,2026-06-09T17:30:44.579551
I2,US,2026-01-01,2.9493378374616075,FRED,CPILFESL,2026-06-09T17:30:44.579551
I2,US,2026-02-01,2.7335062438778035,FRED,CPILFESL,2026-06-09T17:30:44.579551
I2,US,2026-03-01,2.6730984898529986,FRED,CPILFESL,2026-06-09T17:30:44.579551
I2,US,2026-04-01,2.9884245755166017,FRED,CPILFESL,2026-06-09T17:30:44.579551
I3,US,2025-06-01,2.9939320388349566,FRED,CPIUFDSL,2026-06-09T17:30:45.078244
I3,US,2025-07-01,2.8946898395236342,FRED,CPIUFDSL,2026-06-09T17:30:45.078244
I3,US,2025-08-01,3.1963912102265235,FRED,CPIUFDSL,2026-06-09T17:30:45.078244
I3,US,2025-09-01,3.1146666345142293,FRED,CPIUFDSL,2026-06-09T17:30:45.078244
I3,US,2025-11-01,2.9846930335104993,FRED,CPIUFDSL,2026-06-09T17:30:45.078244
I3,US,2025-12-01,3.297974696444239,FRED,CPIUFDSL,2026-06-09T17:30:45.078244
I3,US,2026-01-01,3.2311399732108725,FRED,CPIUFDSL,2026-06-09T17:30:45.078244
I3,US,2026-02-01,3.333224024493142,FRED,CPIUFDSL,2026-06-09T17:30:45.078244
I3,US,2026-03-01,3.1357029146147353,FRED,CPIUFDSL,2026-06-09T17:30:45.078244
I3,US,2026-04-01,3.266228126083859,FRED,CPIUFDSL,2026-06-09T17:30:45.078244
M1,US,2025-05-01,4.33,FRED,FEDFUNDS,2026-06-09T17:30:45.554081
M1,US,2025-06-01,4.33,FRED,FEDFUNDS,2026-06-09T17:30:45.554081
M1,US,2025-07-01,4.33,FRED,FEDFUNDS,2026-06-09T17:30:45.554081
M1,US,2025-08-01,4.33,FRED,FEDFUNDS,2026-06-09T17:30:45.554081
M1,US,2025-09-01,4.22,FRED,FEDFUNDS,2026-06-09T17:30:45.554081
M1,US,2025-10-01,4.09,FRED,FEDFUNDS,2026-06-09T17:30:45.554081
M1,US,2025-11-01,3.88,FRED,FEDFUNDS,2026-06-09T17:30:45.554081
M1,US,2025-12-01,3.72,FRED,FEDFUNDS,2026-06-09T17:30:45.554081
M1,US,2026-01-01,3.64,FRED,FEDFUNDS,2026-06-09T17:30:45.554081
M1,US,2026-02-01,3.64,FRED,FEDFUNDS,2026-06-09T17:30:45.554081
M1,US,2026-03-01,3.64,FRED,FEDFUNDS,2026-06-09T17:30:45.554081
M1,US,2026-04-01,3.64,FRED,FEDFUNDS,2026-06-09T17:30:45.554081
M1,US,2026-05-01,3.63,FRED,FEDFUNDS,2026-06-09T17:30:45.554081
M2,US,2025-05-05,4.36,FRED,DGS10,2026-06-09T17:30:46.112972
M2,US,2025-05-06,4.3,FRED,DGS10,2026-06-09T17:30:46.112972
M2,US,2025-05-07,4.26,FRED,DGS10,2026-06-09T17:30:46.112972
M2,US,2025-05-08,4.37,FRED,DGS10,2026-06-09T17:30:46.112972
M2,US,2025-05-09,4.37,FRED,DGS10,2026-06-09T17:30:46.112972
M2,US,2025-05-12,4.45,FRED,DGS10,2026-06-09T17:30:46.112972
M2,US,2025-05-13,4.49,FRED,DGS10,2026-06-09T17:30:46.112972
M2,US,2025-05-14,4.53,FRED,DGS10,2026-06-09T17:30:46.112972
M2,US,2025-05-15,4.45,FRED,DGS10,2026-06-09T17:30:46.112972
M2,US,2025-05-16,4.43,FRED,DGS10,2026-06-09T17:30:46.112972
M2,US,2025-05-19,4.46,FRED,DGS10,2026-06-09T17:30:46.112972
M2,US,2025-05-20,4.48,FRED,DGS10,2026-06-09T17:30:46.112972
M2,US,2025-05-21,4.58,FRED,DGS10,2026-06-09T17:30:46.112972
M2,US,2025-05-22,4.54,FRED,DGS10,2026-06-09T17:30:46.112972
M2,US,2025-05-23,4.51,FRED,DGS10,2026-06-09T17:30:46.112972
M2,US,2025-05-27,4.43,FRED,DGS10,2026-06-09T17:30:46.112972
M2,US,2025-05-28,4.47,FRED,DGS10,2026-06-09T17:30:46.112972
M2,US,2025-05-29,4.43,FRED,DGS10,2026-06-09T17:30:46.112972
M2,US,2025-05-30,4.41,FRED,DGS10,2026-06-09T17:30:46.112972
M2,US,2025-06-02,4.46,FRED,DGS10,2026-06-09T17:30:46.112972
M2,US,2025-06-03,4.46,FRED,DGS10,2026-06-09T17:30:46.112972
M2,US,2025-06-04,4.37,FRED,DGS10,2026-06-09T17:30:46.112972
M2,US,2025-06-05,4.4,FRED,DGS10,2026-06-09T17:30:46.112972
M2,US,2025-06-06,4.51,FRED,DGS10,2026-06-09T17:30:46.112972
M2,US,2025-06-09,4.49,FRED,DGS10,2026-06-09T17:30:46.112972
M2,US,2025-06-10,4.47,FRED,DGS10,2026-06-09T17:30:46.112972
M2,US,2025-06-11,4.41,FRED,DGS10,2026-06-09T17:30:46.112972
M2,US,2025-06-12,4.36,FRED,DGS10,2026-06-09T17:30:46.112972
M2,US,2025-06-13,4.41,FRED,DGS10,2026-06-09T17:30:46.112972
M2,US,2025-06-16,4.46,FRED,DGS10,2026-06-09T17:30:46.112972
M2,US,2025-06-17,4.39,FRED,DGS10,2026-06-09T17:30:46.112972
M2,US,2025-06-18,4.38,FRED,DGS10,2026-06-09T17:30:46.112972
M2,US,2025-06-20,4.38,FRED,DGS10,2026-06-09T17:30:46.112972
M2,US,2025-06-23,4.34,FRED,DGS10,2026-06-09T17:30:46.112972
M2,US,2025-06-24,4.3,FRED,DGS10,2026-06-09T17:30:46.112972
M2,US,2025-06-25,4.29,FRED,DGS10,2026-06-09T17:30:46.112972
M2,US,2025-06-26,4.26,FRED,DGS10,2026-06-09T17:30:46.112972
M2,US,2025-06-27,4.29,FRED,DGS10,2026-06-09T17:30:46.112972
M2,US,2025-06-30,4.24,FRED,DGS10,2026-06-09T17:30:46.112972
M2,US,2025-07-01,4.26,FRED,DGS10,2026-06-09T17:30:46.112972
M2,US,2025-07-02,4.3,FRED,DGS10,2026-06-09T17:30:46.112972
M2,US,2025-07-03,4.35,FRED,DGS10,2026-06-09T17:30:46.112972
M2,US,2025-07-07,4.4,FRED,DGS10,2026-06-09T17:30:46.112972
M2,US,2025-07-08,4.42,FRED,DGS10,2026-06-09T17:30:46.112972
M2,US,2025-07-09,4.34,FRED,DGS10,2026-06-09T17:30:46.112972
M2,US,2025-07-10,4.35,FRED,DGS10,2026-06-09T17:30:46.112972
M2,US,2025-07-11,4.43,FRED,DGS10,2026-06-09T17:30:46.112972
M2,US,2025-07-14,4.43,FRED,DGS10,2026-06-09T17:30:46.112972
M2,US,2025-07-15,4.5,FRED,DGS10,2026-06-09T17:30:46.112972
M2,US,2025-07-16,4.46,FRED,DGS10,2026-06-09T17:30:46.112972
M2,US,2025-07-17,4.47,FRED,DGS10,2026-06-09T17:30:46.112972
M2,US,2025-07-18,4.44,FRED,DGS10,2026-06-09T17:30:46.112972
M2,US,2025-07-21,4.38,FRED,DGS10,2026-06-09T17:30:46.112972
M2,US,2025-07-22,4.35,FRED,DGS10,2026-06-09T17:30:46.112972
M2,US,2025-07-23,4.4,FRED,DGS10,2026-06-09T17:30:46.112972
M2,US,2025-07-24,4.43,FRED,DGS10,2026-06-09T17:30:46.112972
M2,US,2025-07-25,4.4,FRED,DGS10,2026-06-09T17:30:46.112972
M2,US,2025-07-28,4.42,FRED,DGS10,2026-06-09T17:30:46.112972
M2,US,2025-07-29,4.34,FRED,DGS10,2026-06-09T17:30:46.112972
M2,US,2025-07-30,4.38,FRED,DGS10,2026-06-09T17:30:46.112972
M2,US,2025-07-31,4.37,FRED,DGS10,2026-06-09T17:30:46.112972
M2,US,2025-08-01,4.23,FRED,DGS10,2026-06-09T17:30:46.112972
M2,US,2025-08-04,4.22,FRED,DGS10,2026-06-09T17:30:46.112972
M2,US,2025-08-05,4.22,FRED,DGS10,2026-06-09T17:30:46.112972
M2,US,2025-08-06,4.22,FRED,DGS10,2026-06-09T17:30:46.112972
M2,US,2025-08-07,4.23,FRED,DGS10,2026-06-09T17:30:46.112972
M2,US,2025-08-08,4.27,FRED,DGS10,2026-06-09T17:30:46.112972
M2,US,2025-08-11,4.27,FRED,DGS10,2026-06-09T17:30:46.112972
M2,US,2025-08-12,4.29,FRED,DGS10,2026-06-09T17:30:46.112972
M2,US,2025-08-13,4.24,FRED,DGS10,2026-06-09T17:30:46.112972
M2,US,2025-08-14,4.29,FRED,DGS10,2026-06-09T17:30:46.112972
M2,US,2025-08-15,4.33,FRED,DGS10,2026-06-09T17:30:46.112972
M2,US,2025-08-18,4.34,FRED,DGS10,2026-06-09T17:30:46.112972
M2,US,2025-08-19,4.3,FRED,DGS10,2026-06-09T17:30:46.112972
M2,US,2025-08-20,4.29,FRED,DGS10,2026-06-09T17:30:46.112972
M2,US,2025-08-21,4.33,FRED,DGS10,2026-06-09T17:30:46.112972
M2,US,2025-08-22,4.26,FRED,DGS10,2026-06-09T17:30:46.112972
M2,US,2025-08-25,4.28,FRED,DGS10,2026-06-09T17:30:46.112972
M2,US,2025-08-26,4.26,FRED,DGS10,2026-06-09T17:30:46.112972
M2,US,2025-08-27,4.24,FRED,DGS10,2026-06-09T17:30:46.112972
M2,US,2025-08-28,4.22,FRED,DGS10,2026-06-09T17:30:46.112972
M2,US,2025-08-29,4.23,FRED,DGS10,2026-06-09T17:30:46.112972
M2,US,2025-09-02,4.28,FRED,DGS10,2026-06-09T17:30:46.112972
M2,US,2025-09-03,4.22,FRED,DGS10,2026-06-09T17:30:46.112972
M2,US,2025-09-04,4.17,FRED,DGS10,2026-06-09T17:30:46.112972
M2,US,2025-09-05,4.1,FRED,DGS10,2026-06-09T17:30:46.112972
M2,US,2025-09-08,4.05,FRED,DGS10,2026-06-09T17:30:46.112972
M2,US,2025-09-09,4.08,FRED,DGS10,2026-06-09T17:30:46.112972
M2,US,2025-09-10,4.04,FRED,DGS10,2026-06-09T17:30:46.112972
M2,US,2025-09-11,4.01,FRED,DGS10,2026-06-09T17:30:46.112972
M2,US,2025-09-12,4.06,FRED,DGS10,2026-06-09T17:30:46.112972
M2,US,2025-09-15,4.05,FRED,DGS10,2026-06-09T17:30:46.112972
M2,US,2025-09-16,4.04,FRED,DGS10,2026-06-09T17:30:46.112972
M2,US,2025-09-17,4.06,FRED,DGS10,2026-06-09T17:30:46.112972
M2,US,2025-09-18,4.11,FRED,DGS10,2026-06-09T17:30:46.112972
M2,US,2025-09-19,4.14,FRED,DGS10,2026-06-09T17:30:46.112972
M2,US,2025-09-22,4.15,FRED,DGS10,2026-06-09T17:30:46.112972
M2,US,2025-09-23,4.12,FRED,DGS10,2026-06-09T17:30:46.112972
M2,US,2025-09-24,4.16,FRED,DGS10,2026-06-09T17:30:46.112972
M2,US,2025-09-25,4.18,FRED,DGS10,2026-06-09T17:30:46.112972
M2,US,2025-09-26,4.2,FRED,DGS10,2026-06-09T17:30:46.112972
M2,US,2025-09-29,4.15,FRED,DGS10,2026-06-09T17:30:46.112972
M2,US,2025-09-30,4.16,FRED,DGS10,2026-06-09T17:30:46.112972
M2,US,2025-10-01,4.12,FRED,DGS10,2026-06-09T17:30:46.112972
M2,US,2025-10-02,4.1,FRED,DGS10,2026-06-09T17:30:46.112972
M2,US,2025-10-03,4.13,FRED,DGS10,2026-06-09T17:30:46.112972
M2,US,2025-10-06,4.18,FRED,DGS10,2026-06-09T17:30:46.112972
M2,US,2025-10-07,4.14,FRED,DGS10,2026-06-09T17:30:46.112972
M2,US,2025-10-08,4.13,FRED,DGS10,2026-06-09T17:30:46.112972
M2,US,2025-10-09,4.14,FRED,DGS10,2026-06-09T17:30:46.112972
M2,US,2025-10-10,4.05,FRED,DGS10,2026-06-09T17:30:46.112972
M2,US,2025-10-14,4.03,FRED,DGS10,2026-06-09T17:30:46.112972
M2,US,2025-10-15,4.05,FRED,DGS10,2026-06-09T17:30:46.112972
M2,US,2025-10-16,3.99,FRED,DGS10,2026-06-09T17:30:46.112972
M2,US,2025-10-17,4.02,FRED,DGS10,2026-06-09T17:30:46.112972
M2,US,2025-10-20,4.0,FRED,DGS10,2026-06-09T17:30:46.112972
M2,US,2025-10-21,3.98,FRED,DGS10,2026-06-09T17:30:46.112972
M2,US,2025-10-22,3.97,FRED,DGS10,2026-06-09T17:30:46.112972
M2,US,2025-10-23,4.01,FRED,DGS10,2026-06-09T17:30:46.112972
M2,US,2025-10-24,4.02,FRED,DGS10,2026-06-09T17:30:46.112972
M2,US,2025-10-27,4.01,FRED,DGS10,2026-06-09T17:30:46.112972
M2,US,2025-10-28,3.99,FRED,DGS10,2026-06-09T17:30:46.112972
M2,US,2025-10-29,4.08,FRED,DGS10,2026-06-09T17:30:46.112972
M2,US,2025-10-30,4.11,FRED,DGS10,2026-06-09T17:30:46.112972
M2,US,2025-10-31,4.11,FRED,DGS10,2026-06-09T17:30:46.112972
M2,US,2025-11-03,4.13,FRED,DGS10,2026-06-09T17:30:46.112972
M2,US,2025-11-04,4.1,FRED,DGS10,2026-06-09T17:30:46.112972
M2,US,2025-11-05,4.17,FRED,DGS10,2026-06-09T17:30:46.112972
M2,US,2025-11-06,4.11,FRED,DGS10,2026-06-09T17:30:46.112972
M2,US,2025-11-07,4.11,FRED,DGS10,2026-06-09T17:30:46.112972
M2,US,2025-11-10,4.13,FRED,DGS10,2026-06-09T17:30:46.112972
M2,US,2025-11-12,4.08,FRED,DGS10,2026-06-09T17:30:46.112972
M2,US,2025-11-13,4.11,FRED,DGS10,2026-06-09T17:30:46.112972
M2,US,2025-11-14,4.14,FRED,DGS10,2026-06-09T17:30:46.112972
M2,US,2025-11-17,4.13,FRED,DGS10,2026-06-09T17:30:46.112972
M2,US,2025-11-18,4.12,FRED,DGS10,2026-06-09T17:30:46.112972
M2,US,2025-11-19,4.13,FRED,DGS10,2026-06-09T17:30:46.112972
M2,US,2025-11-20,4.1,FRED,DGS10,2026-06-09T17:30:46.112972
M2,US,2025-11-21,4.06,FRED,DGS10,2026-06-09T17:30:46.112972
M2,US,2025-11-24,4.04,FRED,DGS10,2026-06-09T17:30:46.112972
M2,US,2025-11-25,4.01,FRED,DGS10,2026-06-09T17:30:46.112972
M2,US,2025-11-26,4.0,FRED,DGS10,2026-06-09T17:30:46.112972
M2,US,2025-11-28,4.02,FRED,DGS10,2026-06-09T17:30:46.112972
M2,US,2025-12-01,4.09,FRED,DGS10,2026-06-09T17:30:46.112972
M2,US,2025-12-02,4.09,FRED,DGS10,2026-06-09T17:30:46.112972
M2,US,2025-12-03,4.06,FRED,DGS10,2026-06-09T17:30:46.112972
M2,US,2025-12-04,4.11,FRED,DGS10,2026-06-09T17:30:46.112972
M2,US,2025-12-05,4.14,FRED,DGS10,2026-06-09T17:30:46.112972
M2,US,2025-12-08,4.17,FRED,DGS10,2026-06-09T17:30:46.112972
M2,US,2025-12-09,4.18,FRED,DGS10,2026-06-09T17:30:46.112972
M2,US,2025-12-10,4.13,FRED,DGS10,2026-06-09T17:30:46.112972
M2,US,2025-12-11,4.14,FRED,DGS10,2026-06-09T17:30:46.112972
M2,US,2025-12-12,4.19,FRED,DGS10,2026-06-09T17:30:46.112972
M2,US,2025-12-15,4.18,FRED,DGS10,2026-06-09T17:30:46.112972
M2,US,2025-12-16,4.15,FRED,DGS10,2026-06-09T17:30:46.112972
M2,US,2025-12-17,4.16,FRED,DGS10,2026-06-09T17:30:46.112972
M2,US,2025-12-18,4.12,FRED,DGS10,2026-06-09T17:30:46.112972
M2,US,2025-12-19,4.16,FRED,DGS10,2026-06-09T17:30:46.112972
M2,US,2025-12-22,4.17,FRED,DGS10,2026-06-09T17:30:46.112972
M2,US,2025-12-23,4.18,FRED,DGS10,2026-06-09T17:30:46.112972
M2,US,2025-12-24,4.15,FRED,DGS10,2026-06-09T17:30:46.112972
M2,US,2025-12-26,4.14,FRED,DGS10,2026-06-09T17:30:46.112972
M2,US,2025-12-29,4.12,FRED,DGS10,2026-06-09T17:30:46.112972
M2,US,2025-12-30,4.14,FRED,DGS10,2026-06-09T17:30:46.112972
M2,US,2025-12-31,4.18,FRED,DGS10,2026-06-09T17:30:46.112972
M2,US,2026-01-02,4.19,FRED,DGS10,2026-06-09T17:30:46.112972
M2,US,2026-01-05,4.17,FRED,DGS10,2026-06-09T17:30:46.112972
M2,US,2026-01-06,4.18,FRED,DGS10,2026-06-09T17:30:46.112972
M2,US,2026-01-07,4.15,FRED,DGS10,2026-06-09T17:30:46.112972
M2,US,2026-01-08,4.19,FRED,DGS10,2026-06-09T17:30:46.112972
M2,US,2026-01-09,4.18,FRED,DGS10,2026-06-09T17:30:46.112972
M2,US,2026-01-12,4.19,FRED,DGS10,2026-06-09T17:30:46.112972
M2,US,2026-01-13,4.18,FRED,DGS10,2026-06-09T17:30:46.112972
M2,US,2026-01-14,4.15,FRED,DGS10,2026-06-09T17:30:46.112972
M2,US,2026-01-15,4.17,FRED,DGS10,2026-06-09T17:30:46.112972
M2,US,2026-01-16,4.24,FRED,DGS10,2026-06-09T17:30:46.112972
M2,US,2026-01-20,4.3,FRED,DGS10,2026-06-09T17:30:46.112972
M2,US,2026-01-21,4.26,FRED,DGS10,2026-06-09T17:30:46.112972
M2,US,2026-01-22,4.26,FRED,DGS10,2026-06-09T17:30:46.112972
M2,US,2026-01-23,4.24,FRED,DGS10,2026-06-09T17:30:46.112972
M2,US,2026-01-26,4.22,FRED,DGS10,2026-06-09T17:30:46.112972
M2,US,2026-01-27,4.24,FRED,DGS10,2026-06-09T17:30:46.112972
M2,US,2026-01-28,4.26,FRED,DGS10,2026-06-09T17:30:46.112972
M2,US,2026-01-29,4.24,FRED,DGS10,2026-06-09T17:30:46.112972
M2,US,2026-01-30,4.26,FRED,DGS10,2026-06-09T17:30:46.112972
M2,US,2026-02-02,4.29,FRED,DGS10,2026-06-09T17:30:46.112972
M2,US,2026-02-03,4.28,FRED,DGS10,2026-06-09T17:30:46.112972
M2,US,2026-02-04,4.29,FRED,DGS10,2026-06-09T17:30:46.112972
M2,US,2026-02-05,4.21,FRED,DGS10,2026-06-09T17:30:46.112972
M2,US,2026-02-06,4.22,FRED,DGS10,2026-06-09T17:30:46.112972
M2,US,2026-02-09,4.22,FRED,DGS10,2026-06-09T17:30:46.112972
M2,US,2026-02-10,4.16,FRED,DGS10,2026-06-09T17:30:46.112972
M2,US,2026-02-11,4.18,FRED,DGS10,2026-06-09T17:30:46.112972
M2,US,2026-02-12,4.09,FRED,DGS10,2026-06-09T17:30:46.112972
M2,US,2026-02-13,4.04,FRED,DGS10,2026-06-09T17:30:46.112972
M2,US,2026-02-17,4.05,FRED,DGS10,2026-06-09T17:30:46.112972
M2,US,2026-02-18,4.09,FRED,DGS10,2026-06-09T17:30:46.112972
M2,US,2026-02-19,4.08,FRED,DGS10,2026-06-09T17:30:46.112972
M2,US,2026-02-20,4.08,FRED,DGS10,2026-06-09T17:30:46.112972
M2,US,2026-02-23,4.03,FRED,DGS10,2026-06-09T17:30:46.112972
M2,US,2026-02-24,4.04,FRED,DGS10,2026-06-09T17:30:46.112972
M2,US,2026-02-25,4.05,FRED,DGS10,2026-06-09T17:30:46.112972
M2,US,2026-02-26,4.02,FRED,DGS10,2026-06-09T17:30:46.112972
M2,US,2026-02-27,3.97,FRED,DGS10,2026-06-09T17:30:46.112972
M2,US,2026-03-02,4.05,FRED,DGS10,2026-06-09T17:30:46.112972
M2,US,2026-03-03,4.06,FRED,DGS10,2026-06-09T17:30:46.112972
M2,US,2026-03-04,4.09,FRED,DGS10,2026-06-09T17:30:46.112972
M2,US,2026-03-05,4.13,FRED,DGS10,2026-06-09T17:30:46.112972
M2,US,2026-03-06,4.15,FRED,DGS10,2026-06-09T17:30:46.112972
M2,US,2026-03-09,4.12,FRED,DGS10,2026-06-09T17:30:46.112972
M2,US,2026-03-10,4.15,FRED,DGS10,2026-06-09T17:30:46.112972
M2,US,2026-03-11,4.21,FRED,DGS10,2026-06-09T17:30:46.112972
M2,US,2026-03-12,4.27,FRED,DGS10,2026-06-09T17:30:46.112972
M2,US,2026-03-13,4.28,FRED,DGS10,2026-06-09T17:30:46.112972
M2,US,2026-03-16,4.23,FRED,DGS10,2026-06-09T17:30:46.112972
M2,US,2026-03-17,4.2,FRED,DGS10,2026-06-09T17:30:46.112972
M2,US,2026-03-18,4.26,FRED,DGS10,2026-06-09T17:30:46.112972
M2,US,2026-03-19,4.25,FRED,DGS10,2026-06-09T17:30:46.112972
M2,US,2026-03-20,4.39,FRED,DGS10,2026-06-09T17:30:46.112972
M2,US,2026-03-23,4.34,FRED,DGS10,2026-06-09T17:30:46.112972
M2,US,2026-03-24,4.39,FRED,DGS10,2026-06-09T17:30:46.112972
M2,US,2026-03-25,4.33,FRED,DGS10,2026-06-09T17:30:46.112972
M2,US,2026-03-26,4.42,FRED,DGS10,2026-06-09T17:30:46.112972
M2,US,2026-03-27,4.44,FRED,DGS10,2026-06-09T17:30:46.112972
M2,US,2026-03-30,4.35,FRED,DGS10,2026-06-09T17:30:46.112972
M2,US,2026-03-31,4.3,FRED,DGS10,2026-06-09T17:30:46.112972
M2,US,2026-04-01,4.33,FRED,DGS10,2026-06-09T17:30:46.112972
M2,US,2026-04-02,4.31,FRED,DGS10,2026-06-09T17:30:46.112972
M2,US,2026-04-03,4.35,FRED,DGS10,2026-06-09T17:30:46.112972
M2,US,2026-04-06,4.34,FRED,DGS10,2026-06-09T17:30:46.112972
M2,US,2026-04-07,4.33,FRED,DGS10,2026-06-09T17:30:46.112972
M2,US,2026-04-08,4.29,FRED,DGS10,2026-06-09T17:30:46.112972
M2,US,2026-04-09,4.29,FRED,DGS10,2026-06-09T17:30:46.112972
M2,US,2026-04-10,4.31,FRED,DGS10,2026-06-09T17:30:46.112972
M2,US,2026-04-13,4.3,FRED,DGS10,2026-06-09T17:30:46.112972
M2,US,2026-04-14,4.26,FRED,DGS10,2026-06-09T17:30:46.112972
M2,US,2026-04-15,4.29,FRED,DGS10,2026-06-09T17:30:46.112972
M2,US,2026-04-16,4.32,FRED,DGS10,2026-06-09T17:30:46.112972
M2,US,2026-04-17,4.26,FRED,DGS10,2026-06-09T17:30:46.112972
M2,US,2026-04-20,4.26,FRED,DGS10,2026-06-09T17:30:46.112972
M2,US,2026-04-21,4.3,FRED,DGS10,2026-06-09T17:30:46.112972
M2,US,2026-04-22,4.3,FRED,DGS10,2026-06-09T17:30:46.112972
M2,US,2026-04-23,4.34,FRED,DGS10,2026-06-09T17:30:46.112972
M2,US,2026-04-24,4.31,FRED,DGS10,2026-06-09T17:30:46.112972
M2,US,2026-04-27,4.35,FRED,DGS10,2026-06-09T17:30:46.112972
M2,US,2026-04-28,4.36,FRED,DGS10,2026-06-09T17:30:46.112972
M2,US,2026-04-29,4.42,FRED,DGS10,2026-06-09T17:30:46.112972
M2,US,2026-04-30,4.4,FRED,DGS10,2026-06-09T17:30:46.112972
M2,US,2026-05-01,4.39,FRED,DGS10,2026-06-09T17:30:46.112972
M2,US,2026-05-04,4.45,FRED,DGS10,2026-06-09T17:30:46.112972
M2,US,2026-05-05,4.43,FRED,DGS10,2026-06-09T17:30:46.112972
M2,US,2026-05-06,4.36,FRED,DGS10,2026-06-09T17:30:46.112972
M2,US,2026-05-07,4.41,FRED,DGS10,2026-06-09T17:30:46.112972
M2,US,2026-05-08,4.38,FRED,DGS10,2026-06-09T17:30:46.112972
M2,US,2026-05-11,4.42,FRED,DGS10,2026-06-09T17:30:46.112972
M2,US,2026-05-12,4.46,FRED,DGS10,2026-06-09T17:30:46.112972
M2,US,2026-05-13,4.46,FRED,DGS10,2026-06-09T17:30:46.112972
M2,US,2026-05-14,4.47,FRED,DGS10,2026-06-09T17:30:46.112972
M2,US,2026-05-15,4.59,FRED,DGS10,2026-06-09T17:30:46.112972
M2,US,2026-05-18,4.61,FRED,DGS10,2026-06-09T17:30:46.112972
M2,US,2026-05-19,4.67,FRED,DGS10,2026-06-09T17:30:46.112972
M2,US,2026-05-20,4.57,FRED,DGS10,2026-06-09T17:30:46.112972
M2,US,2026-05-21,4.57,FRED,DGS10,2026-06-09T17:30:46.112972
M2,US,2026-05-22,4.56,FRED,DGS10,2026-06-09T17:30:46.112972
M2,US,2026-05-26,4.5,FRED,DGS10,2026-06-09T17:30:46.112972
M2,US,2026-05-27,4.48,FRED,DGS10,2026-06-09T17:30:46.112972
M2,US,2026-05-28,4.45,FRED,DGS10,2026-06-09T17:30:46.112972
M2,US,2026-05-29,4.45,FRED,DGS10,2026-06-09T17:30:46.112972
M2,US,2026-06-01,4.47,FRED,DGS10,2026-06-09T17:30:46.112972
M2,US,2026-06-02,4.46,FRED,DGS10,2026-06-09T17:30:46.112972
M2,US,2026-06-03,4.49,FRED,DGS10,2026-06-09T17:30:46.112972
M2,US,2026-06-04,4.47,FRED,DGS10,2026-06-09T17:30:46.112972
M2,US,2026-06-05,4.55,FRED,DGS10,2026-06-09T17:30:46.112972
M3,US,2025-05-05,0.53,FRED,T10Y2Y,2026-06-09T17:30:46.768990
M3,US,2025-05-06,0.52,FRED,T10Y2Y,2026-06-09T17:30:46.768990
M3,US,2025-05-07,0.48,FRED,T10Y2Y,2026-06-09T17:30:46.768990
M3,US,2025-05-08,0.47,FRED,T10Y2Y,2026-06-09T17:30:46.768990
M3,US,2025-05-09,0.49,FRED,T10Y2Y,2026-06-09T17:30:46.768990
M3,US,2025-05-12,0.47,FRED,T10Y2Y,2026-06-09T17:30:46.768990
M3,US,2025-05-13,0.47,FRED,T10Y2Y,2026-06-09T17:30:46.768990
M3,US,2025-05-14,0.48,FRED,T10Y2Y,2026-06-09T17:30:46.768990
M3,US,2025-05-15,0.49,FRED,T10Y2Y,2026-06-09T17:30:46.768990
M3,US,2025-05-16,0.45,FRED,T10Y2Y,2026-06-09T17:30:46.768990
M3,US,2025-05-19,0.49,FRED,T10Y2Y,2026-06-09T17:30:46.768990
M3,US,2025-05-20,0.51,FRED,T10Y2Y,2026-06-09T17:30:46.768990
M3,US,2025-05-21,0.58,FRED,T10Y2Y,2026-06-09T17:30:46.768990
M3,US,2025-05-22,0.54,FRED,T10Y2Y,2026-06-09T17:30:46.768990
M3,US,2025-05-23,0.51,FRED,T10Y2Y,2026-06-09T17:30:46.768990
M3,US,2025-05-27,0.51,FRED,T10Y2Y,2026-06-09T17:30:46.768990
M3,US,2025-05-28,0.51,FRED,T10Y2Y,2026-06-09T17:30:46.768990
M3,US,2025-05-29,0.51,FRED,T10Y2Y,2026-06-09T17:30:46.768990
M3,US,2025-05-30,0.52,FRED,T10Y2Y,2026-06-09T17:30:46.768990
M3,US,2025-06-02,0.52,FRED,T10Y2Y,2026-06-09T17:30:46.768990
M3,US,2025-06-03,0.5,FRED,T10Y2Y,2026-06-09T17:30:46.768990
M3,US,2025-06-04,0.5,FRED,T10Y2Y,2026-06-09T17:30:46.768990
M3,US,2025-06-05,0.48,FRED,T10Y2Y,2026-06-09T17:30:46.768990
M3,US,2025-06-06,0.47,FRED,T10Y2Y,2026-06-09T17:30:46.768990
M3,US,2025-06-09,0.48,FRED,T10Y2Y,2026-06-09T17:30:46.768990
M3,US,2025-06-10,0.46,FRED,T10Y2Y,2026-06-09T17:30:46.768990
M3,US,2025-06-11,0.47,FRED,T10Y2Y,2026-06-09T17:30:46.768990
M3,US,2025-06-12,0.46,FRED,T10Y2Y,2026-06-09T17:30:46.768990
M3,US,2025-06-13,0.45,FRED,T10Y2Y,2026-06-09T17:30:46.768990
M3,US,2025-06-16,0.49,FRED,T10Y2Y,2026-06-09T17:30:46.768990
M3,US,2025-06-17,0.45,FRED,T10Y2Y,2026-06-09T17:30:46.768990
M3,US,2025-06-18,0.44,FRED,T10Y2Y,2026-06-09T17:30:46.768990
M3,US,2025-06-20,0.48,FRED,T10Y2Y,2026-06-09T17:30:46.768990
M3,US,2025-06-23,0.5,FRED,T10Y2Y,2026-06-09T17:30:46.768990
M3,US,2025-06-24,0.55,FRED,T10Y2Y,2026-06-09T17:30:46.768990
M3,US,2025-06-25,0.55,FRED,T10Y2Y,2026-06-09T17:30:46.768990
M3,US,2025-06-26,0.56,FRED,T10Y2Y,2026-06-09T17:30:46.768990
M3,US,2025-06-27,0.56,FRED,T10Y2Y,2026-06-09T17:30:46.768990
M3,US,2025-06-30,0.52,FRED,T10Y2Y,2026-06-09T17:30:46.768990
M3,US,2025-07-01,0.48,FRED,T10Y2Y,2026-06-09T17:30:46.768990
M3,US,2025-07-02,0.52,FRED,T10Y2Y,2026-06-09T17:30:46.768990
M3,US,2025-07-03,0.47,FRED,T10Y2Y,2026-06-09T17:30:46.768990
M3,US,2025-07-07,0.5,FRED,T10Y2Y,2026-06-09T17:30:46.768990
M3,US,2025-07-08,0.52,FRED,T10Y2Y,2026-06-09T17:30:46.768990
M3,US,2025-07-09,0.48,FRED,T10Y2Y,2026-06-09T17:30:46.768990
M3,US,2025-07-10,0.49,FRED,T10Y2Y,2026-06-09T17:30:46.768990
M3,US,2025-07-11,0.53,FRED,T10Y2Y,2026-06-09T17:30:46.768990
M3,US,2025-07-14,0.53,FRED,T10Y2Y,2026-06-09T17:30:46.768990
M3,US,2025-07-15,0.55,FRED,T10Y2Y,2026-06-09T17:30:46.768990
M3,US,2025-07-16,0.58,FRED,T10Y2Y,2026-06-09T17:30:46.768990
M3,US,2025-07-17,0.56,FRED,T10Y2Y,2026-06-09T17:30:46.768990
M3,US,2025-07-18,0.56,FRED,T10Y2Y,2026-06-09T17:30:46.768990
M3,US,2025-07-21,0.53,FRED,T10Y2Y,2026-06-09T17:30:46.768990
M3,US,2025-07-22,0.52,FRED,T10Y2Y,2026-06-09T17:30:46.768990
M3,US,2025-07-23,0.52,FRED,T10Y2Y,2026-06-09T17:30:46.768990
M3,US,2025-07-24,0.52,FRED,T10Y2Y,2026-06-09T17:30:46.768990
M3,US,2025-07-25,0.49,FRED,T10Y2Y,2026-06-09T17:30:46.768990
M3,US,2025-07-28,0.51,FRED,T10Y2Y,2026-06-09T17:30:46.768990
M3,US,2025-07-29,0.48,FRED,T10Y2Y,2026-06-09T17:30:46.768990
M3,US,2025-07-30,0.44,FRED,T10Y2Y,2026-06-09T17:30:46.768990
M3,US,2025-07-31,0.43,FRED,T10Y2Y,2026-06-09T17:30:46.768990
M3,US,2025-08-01,0.54,FRED,T10Y2Y,2026-06-09T17:30:46.768990
M3,US,2025-08-04,0.53,FRED,T10Y2Y,2026-06-09T17:30:46.768990
M3,US,2025-08-05,0.5,FRED,T10Y2Y,2026-06-09T17:30:46.768990
M3,US,2025-08-06,0.53,FRED,T10Y2Y,2026-06-09T17:30:46.768990
M3,US,2025-08-07,0.51,FRED,T10Y2Y,2026-06-09T17:30:46.768990
M3,US,2025-08-08,0.51,FRED,T10Y2Y,2026-06-09T17:30:46.768990
M3,US,2025-08-11,0.51,FRED,T10Y2Y,2026-06-09T17:30:46.768990
M3,US,2025-08-12,0.57,FRED,T10Y2Y,2026-06-09T17:30:46.768990
M3,US,2025-08-13,0.57,FRED,T10Y2Y,2026-06-09T17:30:46.768990
M3,US,2025-08-14,0.55,FRED,T10Y2Y,2026-06-09T17:30:46.768990
M3,US,2025-08-15,0.58,FRED,T10Y2Y,2026-06-09T17:30:46.768990
M3,US,2025-08-18,0.57,FRED,T10Y2Y,2026-06-09T17:30:46.768990
M3,US,2025-08-19,0.55,FRED,T10Y2Y,2026-06-09T17:30:46.768990
M3,US,2025-08-20,0.55,FRED,T10Y2Y,2026-06-09T17:30:46.768990
M3,US,2025-08-21,0.54,FRED,T10Y2Y,2026-06-09T17:30:46.768990
M3,US,2025-08-22,0.58,FRED,T10Y2Y,2026-06-09T17:30:46.768990
M3,US,2025-08-25,0.55,FRED,T10Y2Y,2026-06-09T17:30:46.768990
M3,US,2025-08-26,0.65,FRED,T10Y2Y,2026-06-09T17:30:46.768990
M3,US,2025-08-27,0.65,FRED,T10Y2Y,2026-06-09T17:30:46.768990
M3,US,2025-08-28,0.6,FRED,T10Y2Y,2026-06-09T17:30:46.768990
M3,US,2025-08-29,0.64,FRED,T10Y2Y,2026-06-09T17:30:46.768990
M3,US,2025-09-02,0.62,FRED,T10Y2Y,2026-06-09T17:30:46.768990
M3,US,2025-09-03,0.61,FRED,T10Y2Y,2026-06-09T17:30:46.768990
M3,US,2025-09-04,0.58,FRED,T10Y2Y,2026-06-09T17:30:46.768990
M3,US,2025-09-05,0.59,FRED,T10Y2Y,2026-06-09T17:30:46.768990
M3,US,2025-09-08,0.56,FRED,T10Y2Y,2026-06-09T17:30:46.768990
M3,US,2025-09-09,0.54,FRED,T10Y2Y,2026-06-09T17:30:46.768990
M3,US,2025-09-10,0.5,FRED,T10Y2Y,2026-06-09T17:30:46.768990
M3,US,2025-09-11,0.49,FRED,T10Y2Y,2026-06-09T17:30:46.768990
M3,US,2025-09-12,0.5,FRED,T10Y2Y,2026-06-09T17:30:46.768990
M3,US,2025-09-15,0.51,FRED,T10Y2Y,2026-06-09T17:30:46.768990
M3,US,2025-09-16,0.53,FRED,T10Y2Y,2026-06-09T17:30:46.768990
M3,US,2025-09-17,0.54,FRED,T10Y2Y,2026-06-09T17:30:46.768990
M3,US,2025-09-18,0.54,FRED,T10Y2Y,2026-06-09T17:30:46.768990
M3,US,2025-09-19,0.57,FRED,T10Y2Y,2026-06-09T17:30:46.768990
M3,US,2025-09-22,0.54,FRED,T10Y2Y,2026-06-09T17:30:46.768990
M3,US,2025-09-23,0.59,FRED,T10Y2Y,2026-06-09T17:30:46.768990
M3,US,2025-09-24,0.59,FRED,T10Y2Y,2026-06-09T17:30:46.768990
M3,US,2025-09-25,0.54,FRED,T10Y2Y,2026-06-09T17:30:46.768990
M3,US,2025-09-26,0.57,FRED,T10Y2Y,2026-06-09T17:30:46.768990
M3,US,2025-09-29,0.52,FRED,T10Y2Y,2026-06-09T17:30:46.768990
M3,US,2025-09-30,0.56,FRED,T10Y2Y,2026-06-09T17:30:46.768990
M3,US,2025-10-01,0.57,FRED,T10Y2Y,2026-06-09T17:30:46.768990
M3,US,2025-10-02,0.55,FRED,T10Y2Y,2026-06-09T17:30:46.768990
M3,US,2025-10-03,0.55,FRED,T10Y2Y,2026-06-09T17:30:46.768990
M3,US,2025-10-06,0.58,FRED,T10Y2Y,2026-06-09T17:30:46.768990
M3,US,2025-10-07,0.57,FRED,T10Y2Y,2026-06-09T17:30:46.768990
M3,US,2025-10-08,0.55,FRED,T10Y2Y,2026-06-09T17:30:46.768990
M3,US,2025-10-09,0.54,FRED,T10Y2Y,2026-06-09T17:30:46.768990
M3,US,2025-10-10,0.53,FRED,T10Y2Y,2026-06-09T17:30:46.768990
M3,US,2025-10-14,0.55,FRED,T10Y2Y,2026-06-09T17:30:46.768990
M3,US,2025-10-15,0.55,FRED,T10Y2Y,2026-06-09T17:30:46.768990
M3,US,2025-10-16,0.58,FRED,T10Y2Y,2026-06-09T17:30:46.768990
M3,US,2025-10-17,0.56,FRED,T10Y2Y,2026-06-09T17:30:46.768990
M3,US,2025-10-20,0.54,FRED,T10Y2Y,2026-06-09T17:30:46.768990
M3,US,2025-10-21,0.53,FRED,T10Y2Y,2026-06-09T17:30:46.768990
M3,US,2025-10-22,0.52,FRED,T10Y2Y,2026-06-09T17:30:46.768990
M3,US,2025-10-23,0.53,FRED,T10Y2Y,2026-06-09T17:30:46.768990
M3,US,2025-10-24,0.54,FRED,T10Y2Y,2026-06-09T17:30:46.768990
M3,US,2025-10-27,0.53,FRED,T10Y2Y,2026-06-09T17:30:46.768990
M3,US,2025-10-28,0.52,FRED,T10Y2Y,2026-06-09T17:30:46.768990
M3,US,2025-10-29,0.49,FRED,T10Y2Y,2026-06-09T17:30:46.768990
M3,US,2025-10-30,0.5,FRED,T10Y2Y,2026-06-09T17:30:46.768990
M3,US,2025-10-31,0.51,FRED,T10Y2Y,2026-06-09T17:30:46.768990
M3,US,2025-11-03,0.53,FRED,T10Y2Y,2026-06-09T17:30:46.768990
M3,US,2025-11-04,0.52,FRED,T10Y2Y,2026-06-09T17:30:46.768990
M3,US,2025-11-05,0.54,FRED,T10Y2Y,2026-06-09T17:30:46.768990
M3,US,2025-11-06,0.54,FRED,T10Y2Y,2026-06-09T17:30:46.768990
M3,US,2025-11-07,0.56,FRED,T10Y2Y,2026-06-09T17:30:46.768990
M3,US,2025-11-10,0.55,FRED,T10Y2Y,2026-06-09T17:30:46.768990
M3,US,2025-11-12,0.52,FRED,T10Y2Y,2026-06-09T17:30:46.768990
M3,US,2025-11-13,0.53,FRED,T10Y2Y,2026-06-09T17:30:46.768990
M3,US,2025-11-14,0.52,FRED,T10Y2Y,2026-06-09T17:30:46.768990
M3,US,2025-11-17,0.53,FRED,T10Y2Y,2026-06-09T17:30:46.768990
M3,US,2025-11-18,0.54,FRED,T10Y2Y,2026-06-09T17:30:46.768990
M3,US,2025-11-19,0.55,FRED,T10Y2Y,2026-06-09T17:30:46.768990
M3,US,2025-11-20,0.55,FRED,T10Y2Y,2026-06-09T17:30:46.768990
M3,US,2025-11-21,0.55,FRED,T10Y2Y,2026-06-09T17:30:46.768990
M3,US,2025-11-24,0.58,FRED,T10Y2Y,2026-06-09T17:30:46.768990
M3,US,2025-11-25,0.58,FRED,T10Y2Y,2026-06-09T17:30:46.768990
M3,US,2025-11-26,0.55,FRED,T10Y2Y,2026-06-09T17:30:46.768990
M3,US,2025-11-28,0.55,FRED,T10Y2Y,2026-06-09T17:30:46.768990
M3,US,2025-12-01,0.55,FRED,T10Y2Y,2026-06-09T17:30:46.768990
M3,US,2025-12-02,0.58,FRED,T10Y2Y,2026-06-09T17:30:46.768990
M3,US,2025-12-03,0.57,FRED,T10Y2Y,2026-06-09T17:30:46.768990
M3,US,2025-12-04,0.59,FRED,T10Y2Y,2026-06-09T17:30:46.768990
M3,US,2025-12-05,0.58,FRED,T10Y2Y,2026-06-09T17:30:46.768990
M3,US,2025-12-08,0.6,FRED,T10Y2Y,2026-06-09T17:30:46.768990
M3,US,2025-12-09,0.57,FRED,T10Y2Y,2026-06-09T17:30:46.768990
M3,US,2025-12-10,0.59,FRED,T10Y2Y,2026-06-09T17:30:46.768990
M3,US,2025-12-11,0.62,FRED,T10Y2Y,2026-06-09T17:30:46.768990
M3,US,2025-12-12,0.67,FRED,T10Y2Y,2026-06-09T17:30:46.768990
M3,US,2025-12-15,0.67,FRED,T10Y2Y,2026-06-09T17:30:46.768990
M3,US,2025-12-16,0.67,FRED,T10Y2Y,2026-06-09T17:30:46.768990
M3,US,2025-12-17,0.67,FRED,T10Y2Y,2026-06-09T17:30:46.768990
M3,US,2025-12-18,0.66,FRED,T10Y2Y,2026-06-09T17:30:46.768990
M3,US,2025-12-19,0.68,FRED,T10Y2Y,2026-06-09T17:30:46.768990
M3,US,2025-12-22,0.73,FRED,T10Y2Y,2026-06-09T17:30:46.768990
M3,US,2025-12-23,0.7,FRED,T10Y2Y,2026-06-09T17:30:46.768990
M3,US,2025-12-24,0.68,FRED,T10Y2Y,2026-06-09T17:30:46.768990
M3,US,2025-12-26,0.68,FRED,T10Y2Y,2026-06-09T17:30:46.768990
M3,US,2025-12-29,0.67,FRED,T10Y2Y,2026-06-09T17:30:46.768990
M3,US,2025-12-30,0.69,FRED,T10Y2Y,2026-06-09T17:30:46.768990
M3,US,2025-12-31,0.71,FRED,T10Y2Y,2026-06-09T17:30:46.768990
M3,US,2026-01-02,0.72,FRED,T10Y2Y,2026-06-09T17:30:46.768990
M3,US,2026-01-05,0.71,FRED,T10Y2Y,2026-06-09T17:30:46.768990
M3,US,2026-01-06,0.71,FRED,T10Y2Y,2026-06-09T17:30:46.768990
M3,US,2026-01-07,0.68,FRED,T10Y2Y,2026-06-09T17:30:46.768990
M3,US,2026-01-08,0.7,FRED,T10Y2Y,2026-06-09T17:30:46.768990
M3,US,2026-01-09,0.64,FRED,T10Y2Y,2026-06-09T17:30:46.768990
M3,US,2026-01-12,0.65,FRED,T10Y2Y,2026-06-09T17:30:46.768990
M3,US,2026-01-13,0.65,FRED,T10Y2Y,2026-06-09T17:30:46.768990
M3,US,2026-01-14,0.64,FRED,T10Y2Y,2026-06-09T17:30:46.768990
M3,US,2026-01-15,0.61,FRED,T10Y2Y,2026-06-09T17:30:46.768990
M3,US,2026-01-16,0.65,FRED,T10Y2Y,2026-06-09T17:30:46.768990
M3,US,2026-01-20,0.7,FRED,T10Y2Y,2026-06-09T17:30:46.768990
M3,US,2026-01-21,0.66,FRED,T10Y2Y,2026-06-09T17:30:46.768990
M3,US,2026-01-22,0.65,FRED,T10Y2Y,2026-06-09T17:30:46.768990
M3,US,2026-01-23,0.64,FRED,T10Y2Y,2026-06-09T17:30:46.768990
M3,US,2026-01-26,0.66,FRED,T10Y2Y,2026-06-09T17:30:46.768990
M3,US,2026-01-27,0.71,FRED,T10Y2Y,2026-06-09T17:30:46.768990
M3,US,2026-01-28,0.7,FRED,T10Y2Y,2026-06-09T17:30:46.768990
M3,US,2026-01-29,0.71,FRED,T10Y2Y,2026-06-09T17:30:46.768990
M3,US,2026-01-30,0.74,FRED,T10Y2Y,2026-06-09T17:30:46.768990
M3,US,2026-02-02,0.72,FRED,T10Y2Y,2026-06-09T17:30:46.768990
M3,US,2026-02-03,0.71,FRED,T10Y2Y,2026-06-09T17:30:46.768990
M3,US,2026-02-04,0.72,FRED,T10Y2Y,2026-06-09T17:30:46.768990
M3,US,2026-02-05,0.74,FRED,T10Y2Y,2026-06-09T17:30:46.768990
M3,US,2026-02-06,0.72,FRED,T10Y2Y,2026-06-09T17:30:46.768990
M3,US,2026-02-09,0.74,FRED,T10Y2Y,2026-06-09T17:30:46.768990
M3,US,2026-02-10,0.71,FRED,T10Y2Y,2026-06-09T17:30:46.768990
M3,US,2026-02-11,0.66,FRED,T10Y2Y,2026-06-09T17:30:46.768990
M3,US,2026-02-12,0.62,FRED,T10Y2Y,2026-06-09T17:30:46.768990
M3,US,2026-02-13,0.64,FRED,T10Y2Y,2026-06-09T17:30:46.768990
M3,US,2026-02-17,0.62,FRED,T10Y2Y,2026-06-09T17:30:46.768990
M3,US,2026-02-18,0.62,FRED,T10Y2Y,2026-06-09T17:30:46.768990
M3,US,2026-02-19,0.61,FRED,T10Y2Y,2026-06-09T17:30:46.768990
M3,US,2026-02-20,0.6,FRED,T10Y2Y,2026-06-09T17:30:46.768990
M3,US,2026-02-23,0.6,FRED,T10Y2Y,2026-06-09T17:30:46.768990
M3,US,2026-02-24,0.61,FRED,T10Y2Y,2026-06-09T17:30:46.768990
M3,US,2026-02-25,0.6,FRED,T10Y2Y,2026-06-09T17:30:46.768990
M3,US,2026-02-26,0.6,FRED,T10Y2Y,2026-06-09T17:30:46.768990
M3,US,2026-02-27,0.59,FRED,T10Y2Y,2026-06-09T17:30:46.768990
M3,US,2026-03-02,0.58,FRED,T10Y2Y,2026-06-09T17:30:46.768990
M3,US,2026-03-03,0.55,FRED,T10Y2Y,2026-06-09T17:30:46.768990
M3,US,2026-03-04,0.55,FRED,T10Y2Y,2026-06-09T17:30:46.768990
M3,US,2026-03-05,0.56,FRED,T10Y2Y,2026-06-09T17:30:46.768990
M3,US,2026-03-06,0.59,FRED,T10Y2Y,2026-06-09T17:30:46.768990
M3,US,2026-03-09,0.56,FRED,T10Y2Y,2026-06-09T17:30:46.768990
M3,US,2026-03-10,0.58,FRED,T10Y2Y,2026-06-09T17:30:46.768990
M3,US,2026-03-11,0.57,FRED,T10Y2Y,2026-06-09T17:30:46.768990
M3,US,2026-03-12,0.51,FRED,T10Y2Y,2026-06-09T17:30:46.768990
M3,US,2026-03-13,0.55,FRED,T10Y2Y,2026-06-09T17:30:46.768990
M3,US,2026-03-16,0.55,FRED,T10Y2Y,2026-06-09T17:30:46.768990
M3,US,2026-03-17,0.52,FRED,T10Y2Y,2026-06-09T17:30:46.768990
M3,US,2026-03-18,0.5,FRED,T10Y2Y,2026-06-09T17:30:46.768990
M3,US,2026-03-19,0.46,FRED,T10Y2Y,2026-06-09T17:30:46.768990
M3,US,2026-03-20,0.51,FRED,T10Y2Y,2026-06-09T17:30:46.768990
M3,US,2026-03-23,0.51,FRED,T10Y2Y,2026-06-09T17:30:46.768990
M3,US,2026-03-24,0.49,FRED,T10Y2Y,2026-06-09T17:30:46.768990
M3,US,2026-03-25,0.49,FRED,T10Y2Y,2026-06-09T17:30:46.768990
M3,US,2026-03-26,0.46,FRED,T10Y2Y,2026-06-09T17:30:46.768990
M3,US,2026-03-27,0.56,FRED,T10Y2Y,2026-06-09T17:30:46.768990
M3,US,2026-03-30,0.53,FRED,T10Y2Y,2026-06-09T17:30:46.768990
M3,US,2026-03-31,0.51,FRED,T10Y2Y,2026-06-09T17:30:46.768990
M3,US,2026-04-01,0.52,FRED,T10Y2Y,2026-06-09T17:30:46.768990
M3,US,2026-04-02,0.52,FRED,T10Y2Y,2026-06-09T17:30:46.768990
M3,US,2026-04-03,0.51,FRED,T10Y2Y,2026-06-09T17:30:46.768990
M3,US,2026-04-06,0.5,FRED,T10Y2Y,2026-06-09T17:30:46.768990
M3,US,2026-04-07,0.52,FRED,T10Y2Y,2026-06-09T17:30:46.768990
M3,US,2026-04-08,0.5,FRED,T10Y2Y,2026-06-09T17:30:46.768990
M3,US,2026-04-09,0.51,FRED,T10Y2Y,2026-06-09T17:30:46.768990
M3,US,2026-04-10,0.5,FRED,T10Y2Y,2026-06-09T17:30:46.768990
M3,US,2026-04-13,0.52,FRED,T10Y2Y,2026-06-09T17:30:46.768990
M3,US,2026-04-14,0.5,FRED,T10Y2Y,2026-06-09T17:30:46.768990
M3,US,2026-04-15,0.53,FRED,T10Y2Y,2026-06-09T17:30:46.768990
M3,US,2026-04-16,0.54,FRED,T10Y2Y,2026-06-09T17:30:46.768990
M3,US,2026-04-17,0.55,FRED,T10Y2Y,2026-06-09T17:30:46.768990
M3,US,2026-04-20,0.54,FRED,T10Y2Y,2026-06-09T17:30:46.768990
M3,US,2026-04-21,0.52,FRED,T10Y2Y,2026-06-09T17:30:46.768990
M3,US,2026-04-22,0.51,FRED,T10Y2Y,2026-06-09T17:30:46.768990
M3,US,2026-04-23,0.51,FRED,T10Y2Y,2026-06-09T17:30:46.768990
M3,US,2026-04-24,0.53,FRED,T10Y2Y,2026-06-09T17:30:46.768990
M3,US,2026-04-27,0.57,FRED,T10Y2Y,2026-06-09T17:30:46.768990
M3,US,2026-04-28,0.52,FRED,T10Y2Y,2026-06-09T17:30:46.768990
M3,US,2026-04-29,0.5,FRED,T10Y2Y,2026-06-09T17:30:46.768990
M3,US,2026-04-30,0.52,FRED,T10Y2Y,2026-06-09T17:30:46.768990
M3,US,2026-05-01,0.51,FRED,T10Y2Y,2026-06-09T17:30:46.768990
M3,US,2026-05-04,0.5,FRED,T10Y2Y,2026-06-09T17:30:46.768990
M3,US,2026-05-05,0.5,FRED,T10Y2Y,2026-06-09T17:30:46.768990
M3,US,2026-05-06,0.49,FRED,T10Y2Y,2026-06-09T17:30:46.768990
M3,US,2026-05-07,0.49,FRED,T10Y2Y,2026-06-09T17:30:46.768990
M3,US,2026-05-08,0.48,FRED,T10Y2Y,2026-06-09T17:30:46.768990
M3,US,2026-05-11,0.47,FRED,T10Y2Y,2026-06-09T17:30:46.768990
M3,US,2026-05-12,0.46,FRED,T10Y2Y,2026-06-09T17:30:46.768990
M3,US,2026-05-13,0.48,FRED,T10Y2Y,2026-06-09T17:30:46.768990
M3,US,2026-05-14,0.47,FRED,T10Y2Y,2026-06-09T17:30:46.768990
M3,US,2026-05-15,0.5,FRED,T10Y2Y,2026-06-09T17:30:46.768990
M3,US,2026-05-18,0.54,FRED,T10Y2Y,2026-06-09T17:30:46.768990
M3,US,2026-05-19,0.54,FRED,T10Y2Y,2026-06-09T17:30:46.768990
M3,US,2026-05-20,0.53,FRED,T10Y2Y,2026-06-09T17:30:46.768990
M3,US,2026-05-21,0.49,FRED,T10Y2Y,2026-06-09T17:30:46.768990
M3,US,2026-05-22,0.43,FRED,T10Y2Y,2026-06-09T17:30:46.768990
M3,US,2026-05-26,0.49,FRED,T10Y2Y,2026-06-09T17:30:46.768990
M3,US,2026-05-27,0.48,FRED,T10Y2Y,2026-06-09T17:30:46.768990
M3,US,2026-05-28,0.46,FRED,T10Y2Y,2026-06-09T17:30:46.768990
M3,US,2026-05-29,0.47,FRED,T10Y2Y,2026-06-09T17:30:46.768990
M3,US,2026-06-01,0.42,FRED,T10Y2Y,2026-06-09T17:30:46.768990
M3,US,2026-06-02,0.41,FRED,T10Y2Y,2026-06-09T17:30:46.768990
M3,US,2026-06-03,0.41,FRED,T10Y2Y,2026-06-09T17:30:46.768990
M3,US,2026-06-04,0.42,FRED,T10Y2Y,2026-06-09T17:30:46.768990
M3,US,2026-06-05,0.38,FRED,T10Y2Y,2026-06-09T17:30:46.768990
M3,US,2026-06-08,0.41,FRED,T10Y2Y,2026-06-09T17:30:46.768990
L1,US,2025-05-01,4.3,FRED,UNRATE,2026-06-09T17:30:47.320255
L1,US,2025-06-01,4.1,FRED,UNRATE,2026-06-09T17:30:47.320255
L1,US,2025-07-01,4.3,FRED,UNRATE,2026-06-09T17:30:47.320255
L1,US,2025-08-01,4.3,FRED,UNRATE,2026-06-09T17:30:47.320255
L1,US,2025-09-01,4.4,FRED,UNRATE,2026-06-09T17:30:47.320255
L1,US,2025-11-01,4.5,FRED,UNRATE,2026-06-09T17:30:47.320255
L1,US,2025-12-01,4.4,FRED,UNRATE,2026-06-09T17:30:47.320255
L1,US,2026-01-01,4.3,FRED,UNRATE,2026-06-09T17:30:47.320255
L1,US,2026-02-01,4.4,FRED,UNRATE,2026-06-09T17:30:47.320255
L1,US,2026-03-01,4.3,FRED,UNRATE,2026-06-09T17:30:47.320255
L1,US,2026-04-01,4.3,FRED,UNRATE,2026-06-09T17:30:47.320255
L1,US,2026-05-01,4.3,FRED,UNRATE,2026-06-09T17:30:47.320255
L2,US,2025-06-01,3.8560411311054033,FRED,CES0500000003,2026-06-09T17:30:47.825445
L2,US,2025-07-01,3.9623717217788013,FRED,CES0500000003,2026-06-09T17:30:47.825445
L2,US,2025-08-01,3.9750141964792762,FRED,CES0500000003,2026-06-09T17:30:47.825445
L2,US,2025-09-01,3.848330503678543,FRED,CES0500000003,2026-06-09T17:30:47.825445
L2,US,2025-10-01,3.9199097574732056,FRED,CES0500000003,2026-06-09T17:30:47.825445
L2,US,2025-11-01,3.93258426966292,FRED,CES0500000003,2026-06-09T17:30:47.825445
L2,US,2025-12-01,3.7265340431493543,FRED,CES0500000003,2026-06-09T17:30:47.825445
L2,US,2026-01-01,3.655133928571419,FRED,CES0500000003,2026-06-09T17:30:47.825445
L2,US,2026-02-01,3.7006121313300167,FRED,CES0500000003,2026-06-09T17:30:47.825445
L2,US,2026-03-01,3.433951813901981,FRED,CES0500000003,2026-06-09T17:30:47.825445
L2,US,2026-04-01,3.5714285714285587,FRED,CES0500000003,2026-06-09T17:30:47.825445
L2,US,2026-05-01,3.4454244762954778,FRED,CES0500000003,2026-06-09T17:30:47.825445
E1,US,2025-05-01,-66748.0,FRED,BOPGSTB,2026-06-09T17:30:48.324950
E1,US,2025-06-01,-58697.0,FRED,BOPGSTB,2026-06-09T17:30:48.324950
E1,US,2025-07-01,-75062.0,FRED,BOPGSTB,2026-06-09T17:30:48.324950
E1,US,2025-08-01,-59642.0,FRED,BOPGSTB,2026-06-09T17:30:48.324950
E1,US,2025-09-01,-59392.0,FRED,BOPGSTB,2026-06-09T17:30:48.324950
E1,US,2025-10-01,-37376.0,FRED,BOPGSTB,2026-06-09T17:30:48.324950
E1,US,2025-11-01,-63868.0,FRED,BOPGSTB,2026-06-09T17:30:48.324950
E1,US,2025-12-01,-76078.0,FRED,BOPGSTB,2026-06-09T17:30:48.324950
E1,US,2026-01-01,-54185.0,FRED,BOPGSTB,2026-06-09T17:30:48.324950
E1,US,2026-02-01,-54980.0,FRED,BOPGSTB,2026-06-09T17:30:48.324950
E1,US,2026-03-01,-56585.0,FRED,BOPGSTB,2026-06-09T17:30:48.324950
E1,US,2026-04-01,-55881.0,FRED,BOPGSTB,2026-06-09T17:30:48.324950
F3,US,2025-05-05,3.6,FRED,BAMLH0A0HYM2,2026-06-09T17:30:48.832595
F3,US,2025-05-06,3.66,FRED,BAMLH0A0HYM2,2026-06-09T17:30:48.832595
F3,US,2025-05-07,3.67,FRED,BAMLH0A0HYM2,2026-06-09T17:30:48.832595
F3,US,2025-05-08,3.51,FRED,BAMLH0A0HYM2,2026-06-09T17:30:48.832595
F3,US,2025-05-09,3.53,FRED,BAMLH0A0HYM2,2026-06-09T17:30:48.832595
F3,US,2025-05-12,3.15,FRED,BAMLH0A0HYM2,2026-06-09T17:30:48.832595
F3,US,2025-05-13,3.09,FRED,BAMLH0A0HYM2,2026-06-09T17:30:48.832595
F3,US,2025-05-14,3.1,FRED,BAMLH0A0HYM2,2026-06-09T17:30:48.832595
F3,US,2025-05-15,3.2,FRED,BAMLH0A0HYM2,2026-06-09T17:30:48.832595
F3,US,2025-05-16,3.16,FRED,BAMLH0A0HYM2,2026-06-09T17:30:48.832595
F3,US,2025-05-19,3.21,FRED,BAMLH0A0HYM2,2026-06-09T17:30:48.832595
F3,US,2025-05-20,3.2,FRED,BAMLH0A0HYM2,2026-06-09T17:30:48.832595
F3,US,2025-05-21,3.25,FRED,BAMLH0A0HYM2,2026-06-09T17:30:48.832595
F3,US,2025-05-22,3.32,FRED,BAMLH0A0HYM2,2026-06-09T17:30:48.832595
F3,US,2025-05-23,3.4,FRED,BAMLH0A0HYM2,2026-06-09T17:30:48.832595
F3,US,2025-05-26,3.4,FRED,BAMLH0A0HYM2,2026-06-09T17:30:48.832595
F3,US,2025-05-27,3.24,FRED,BAMLH0A0HYM2,2026-06-09T17:30:48.832595
F3,US,2025-05-28,3.23,FRED,BAMLH0A0HYM2,2026-06-09T17:30:48.832595
F3,US,2025-05-29,3.22,FRED,BAMLH0A0HYM2,2026-06-09T17:30:48.832595
F3,US,2025-05-30,3.31,FRED,BAMLH0A0HYM2,2026-06-09T17:30:48.832595
F3,US,2025-05-31,3.32,FRED,BAMLH0A0HYM2,2026-06-09T17:30:48.832595
F3,US,2025-06-02,3.27,FRED,BAMLH0A0HYM2,2026-06-09T17:30:48.832595
F3,US,2025-06-03,3.19,FRED,BAMLH0A0HYM2,2026-06-09T17:30:48.832595
F3,US,2025-06-04,3.23,FRED,BAMLH0A0HYM2,2026-06-09T17:30:48.832595
F3,US,2025-06-05,3.18,FRED,BAMLH0A0HYM2,2026-06-09T17:30:48.832595
F3,US,2025-06-06,3.09,FRED,BAMLH0A0HYM2,2026-06-09T17:30:48.832595
F3,US,2025-06-09,3.12,FRED,BAMLH0A0HYM2,2026-06-09T17:30:48.832595
F3,US,2025-06-10,3.12,FRED,BAMLH0A0HYM2,2026-06-09T17:30:48.832595
F3,US,2025-06-11,3.12,FRED,BAMLH0A0HYM2,2026-06-09T17:30:48.832595
F3,US,2025-06-12,3.17,FRED,BAMLH0A0HYM2,2026-06-09T17:30:48.832595
F3,US,2025-06-13,3.18,FRED,BAMLH0A0HYM2,2026-06-09T17:30:48.832595
F3,US,2025-06-16,3.1,FRED,BAMLH0A0HYM2,2026-06-09T17:30:48.832595
F3,US,2025-06-17,3.17,FRED,BAMLH0A0HYM2,2026-06-09T17:30:48.832595
F3,US,2025-06-18,3.16,FRED,BAMLH0A0HYM2,2026-06-09T17:30:48.832595
F3,US,2025-06-19,3.16,FRED,BAMLH0A0HYM2,2026-06-09T17:30:48.832595
F3,US,2025-06-20,3.13,FRED,BAMLH0A0HYM2,2026-06-09T17:30:48.832595
F3,US,2025-06-23,3.12,FRED,BAMLH0A0HYM2,2026-06-09T17:30:48.832595
F3,US,2025-06-24,3.06,FRED,BAMLH0A0HYM2,2026-06-09T17:30:48.832595
F3,US,2025-06-25,3.04,FRED,BAMLH0A0HYM2,2026-06-09T17:30:48.832595
F3,US,2025-06-26,3.04,FRED,BAMLH0A0HYM2,2026-06-09T17:30:48.832595
F3,US,2025-06-27,3.02,FRED,BAMLH0A0HYM2,2026-06-09T17:30:48.832595
F3,US,2025-06-30,2.96,FRED,BAMLH0A0HYM2,2026-06-09T17:30:48.832595
F3,US,2025-07-01,2.91,FRED,BAMLH0A0HYM2,2026-06-09T17:30:48.832595
F3,US,2025-07-02,2.88,FRED,BAMLH0A0HYM2,2026-06-09T17:30:48.832595
F3,US,2025-07-03,2.8,FRED,BAMLH0A0HYM2,2026-06-09T17:30:48.832595
F3,US,2025-07-04,2.8,FRED,BAMLH0A0HYM2,2026-06-09T17:30:48.832595
F3,US,2025-07-07,2.86,FRED,BAMLH0A0HYM2,2026-06-09T17:30:48.832595
F3,US,2025-07-08,2.92,FRED,BAMLH0A0HYM2,2026-06-09T17:30:48.832595
F3,US,2025-07-09,2.94,FRED,BAMLH0A0HYM2,2026-06-09T17:30:48.832595
F3,US,2025-07-10,2.92,FRED,BAMLH0A0HYM2,2026-06-09T17:30:48.832595
F3,US,2025-07-11,2.97,FRED,BAMLH0A0HYM2,2026-06-09T17:30:48.832595
F3,US,2025-07-14,2.95,FRED,BAMLH0A0HYM2,2026-06-09T17:30:48.832595
F3,US,2025-07-15,2.95,FRED,BAMLH0A0HYM2,2026-06-09T17:30:48.832595
F3,US,2025-07-16,3.0,FRED,BAMLH0A0HYM2,2026-06-09T17:30:48.832595
F3,US,2025-07-17,2.91,FRED,BAMLH0A0HYM2,2026-06-09T17:30:48.832595
F3,US,2025-07-18,2.93,FRED,BAMLH0A0HYM2,2026-06-09T17:30:48.832595
F3,US,2025-07-21,2.89,FRED,BAMLH0A0HYM2,2026-06-09T17:30:48.832595
F3,US,2025-07-22,2.9,FRED,BAMLH0A0HYM2,2026-06-09T17:30:48.832595
F3,US,2025-07-23,2.83,FRED,BAMLH0A0HYM2,2026-06-09T17:30:48.832595
F3,US,2025-07-24,2.82,FRED,BAMLH0A0HYM2,2026-06-09T17:30:48.832595
F3,US,2025-07-25,2.84,FRED,BAMLH0A0HYM2,2026-06-09T17:30:48.832595
F3,US,2025-07-28,2.82,FRED,BAMLH0A0HYM2,2026-06-09T17:30:48.832595
F3,US,2025-07-29,2.86,FRED,BAMLH0A0HYM2,2026-06-09T17:30:48.832595
F3,US,2025-07-30,2.89,FRED,BAMLH0A0HYM2,2026-06-09T17:30:48.832595
F3,US,2025-07-31,2.86,FRED,BAMLH0A0HYM2,2026-06-09T17:30:48.832595
F3,US,2025-08-01,3.13,FRED,BAMLH0A0HYM2,2026-06-09T17:30:48.832595
F3,US,2025-08-04,3.02,FRED,BAMLH0A0HYM2,2026-06-09T17:30:48.832595
F3,US,2025-08-05,2.98,FRED,BAMLH0A0HYM2,2026-06-09T17:30:48.832595
F3,US,2025-08-06,2.98,FRED,BAMLH0A0HYM2,2026-06-09T17:30:48.832595
F3,US,2025-08-07,2.95,FRED,BAMLH0A0HYM2,2026-06-09T17:30:48.832595
F3,US,2025-08-08,2.94,FRED,BAMLH0A0HYM2,2026-06-09T17:30:48.832595
F3,US,2025-08-11,2.94,FRED,BAMLH0A0HYM2,2026-06-09T17:30:48.832595
F3,US,2025-08-12,2.93,FRED,BAMLH0A0HYM2,2026-06-09T17:30:48.832595
F3,US,2025-08-13,2.9,FRED,BAMLH0A0HYM2,2026-06-09T17:30:48.832595
F3,US,2025-08-14,2.89,FRED,BAMLH0A0HYM2,2026-06-09T17:30:48.832595
F3,US,2025-08-15,2.88,FRED,BAMLH0A0HYM2,2026-06-09T17:30:48.832595
F3,US,2025-08-18,2.88,FRED,BAMLH0A0HYM2,2026-06-09T17:30:48.832595
F3,US,2025-08-19,2.9,FRED,BAMLH0A0HYM2,2026-06-09T17:30:48.832595
F3,US,2025-08-20,2.94,FRED,BAMLH0A0HYM2,2026-06-09T17:30:48.832595
F3,US,2025-08-21,2.95,FRED,BAMLH0A0HYM2,2026-06-09T17:30:48.832595
F3,US,2025-08-22,2.88,FRED,BAMLH0A0HYM2,2026-06-09T17:30:48.832595
F3,US,2025-08-25,2.8,FRED,BAMLH0A0HYM2,2026-06-09T17:30:48.832595
F3,US,2025-08-26,2.78,FRED,BAMLH0A0HYM2,2026-06-09T17:30:48.832595
F3,US,2025-08-27,2.78,FRED,BAMLH0A0HYM2,2026-06-09T17:30:48.832595
F3,US,2025-08-28,2.75,FRED,BAMLH0A0HYM2,2026-06-09T17:30:48.832595
F3,US,2025-08-29,2.82,FRED,BAMLH0A0HYM2,2026-06-09T17:30:48.832595
F3,US,2025-08-31,2.84,FRED,BAMLH0A0HYM2,2026-06-09T17:30:48.832595
F3,US,2025-09-01,2.84,FRED,BAMLH0A0HYM2,2026-06-09T17:30:48.832595
F3,US,2025-09-02,2.92,FRED,BAMLH0A0HYM2,2026-06-09T17:30:48.832595
F3,US,2025-09-03,2.88,FRED,BAMLH0A0HYM2,2026-06-09T17:30:48.832595
F3,US,2025-09-04,2.84,FRED,BAMLH0A0HYM2,2026-06-09T17:30:48.832595
F3,US,2025-09-05,2.83,FRED,BAMLH0A0HYM2,2026-06-09T17:30:48.832595
F3,US,2025-09-08,2.84,FRED,BAMLH0A0HYM2,2026-06-09T17:30:48.832595
F3,US,2025-09-09,2.87,FRED,BAMLH0A0HYM2,2026-06-09T17:30:48.832595
F3,US,2025-09-10,2.84,FRED,BAMLH0A0HYM2,2026-06-09T17:30:48.832595
F3,US,2025-09-11,2.78,FRED,BAMLH0A0HYM2,2026-06-09T17:30:48.832595
F3,US,2025-09-12,2.79,FRED,BAMLH0A0HYM2,2026-06-09T17:30:48.832595
F3,US,2025-09-15,2.75,FRED,BAMLH0A0HYM2,2026-06-09T17:30:48.832595
F3,US,2025-09-16,2.79,FRED,BAMLH0A0HYM2,2026-06-09T17:30:48.832595
F3,US,2025-09-17,2.79,FRED,BAMLH0A0HYM2,2026-06-09T17:30:48.832595
F3,US,2025-09-18,2.71,FRED,BAMLH0A0HYM2,2026-06-09T17:30:48.832595
F3,US,2025-09-19,2.72,FRED,BAMLH0A0HYM2,2026-06-09T17:30:48.832595
F3,US,2025-09-22,2.69,FRED,BAMLH0A0HYM2,2026-06-09T17:30:48.832595
F3,US,2025-09-23,2.71,FRED,BAMLH0A0HYM2,2026-06-09T17:30:48.832595
F3,US,2025-09-24,2.7,FRED,BAMLH0A0HYM2,2026-06-09T17:30:48.832595
F3,US,2025-09-25,2.76,FRED,BAMLH0A0HYM2,2026-06-09T17:30:48.832595
F3,US,2025-09-26,2.75,FRED,BAMLH0A0HYM2,2026-06-09T17:30:48.832595
F3,US,2025-09-29,2.74,FRED,BAMLH0A0HYM2,2026-06-09T17:30:48.832595
F3,US,2025-09-30,2.8,FRED,BAMLH0A0HYM2,2026-06-09T17:30:48.832595
F3,US,2025-10-01,2.81,FRED,BAMLH0A0HYM2,2026-06-09T17:30:48.832595
F3,US,2025-10-02,2.81,FRED,BAMLH0A0HYM2,2026-06-09T17:30:48.832595
F3,US,2025-10-03,2.8,FRED,BAMLH0A0HYM2,2026-06-09T17:30:48.832595
F3,US,2025-10-06,2.76,FRED,BAMLH0A0HYM2,2026-06-09T17:30:48.832595
F3,US,2025-10-07,2.82,FRED,BAMLH0A0HYM2,2026-06-09T17:30:48.832595
F3,US,2025-10-08,2.84,FRED,BAMLH0A0HYM2,2026-06-09T17:30:48.832595
F3,US,2025-10-09,2.95,FRED,BAMLH0A0HYM2,2026-06-09T17:30:48.832595
F3,US,2025-10-10,3.18,FRED,BAMLH0A0HYM2,2026-06-09T17:30:48.832595
F3,US,2025-10-13,3.18,FRED,BAMLH0A0HYM2,2026-06-09T17:30:48.832595
F3,US,2025-10-14,3.11,FRED,BAMLH0A0HYM2,2026-06-09T17:30:48.832595
F3,US,2025-10-15,2.95,FRED,BAMLH0A0HYM2,2026-06-09T17:30:48.832595
F3,US,2025-10-16,3.04,FRED,BAMLH0A0HYM2,2026-06-09T17:30:48.832595
F3,US,2025-10-17,3.04,FRED,BAMLH0A0HYM2,2026-06-09T17:30:48.832595
F3,US,2025-10-20,2.99,FRED,BAMLH0A0HYM2,2026-06-09T17:30:48.832595
F3,US,2025-10-21,2.97,FRED,BAMLH0A0HYM2,2026-06-09T17:30:48.832595
F3,US,2025-10-22,3.01,FRED,BAMLH0A0HYM2,2026-06-09T17:30:48.832595
F3,US,2025-10-23,2.96,FRED,BAMLH0A0HYM2,2026-06-09T17:30:48.832595
F3,US,2025-10-24,2.88,FRED,BAMLH0A0HYM2,2026-06-09T17:30:48.832595
F3,US,2025-10-27,2.8,FRED,BAMLH0A0HYM2,2026-06-09T17:30:48.832595
F3,US,2025-10-28,2.82,FRED,BAMLH0A0HYM2,2026-06-09T17:30:48.832595
F3,US,2025-10-29,2.76,FRED,BAMLH0A0HYM2,2026-06-09T17:30:48.832595
F3,US,2025-10-30,2.85,FRED,BAMLH0A0HYM2,2026-06-09T17:30:48.832595
F3,US,2025-10-31,2.94,FRED,BAMLH0A0HYM2,2026-06-09T17:30:48.832595
F3,US,2025-11-03,3.04,FRED,BAMLH0A0HYM2,2026-06-09T17:30:48.832595
F3,US,2025-11-04,3.13,FRED,BAMLH0A0HYM2,2026-06-09T17:30:48.832595
F3,US,2025-11-05,3.05,FRED,BAMLH0A0HYM2,2026-06-09T17:30:48.832595
F3,US,2025-11-06,3.13,FRED,BAMLH0A0HYM2,2026-06-09T17:30:48.832595
F3,US,2025-11-07,3.15,FRED,BAMLH0A0HYM2,2026-06-09T17:30:48.832595
F3,US,2025-11-10,3.02,FRED,BAMLH0A0HYM2,2026-06-09T17:30:48.832595
F3,US,2025-11-11,3.02,FRED,BAMLH0A0HYM2,2026-06-09T17:30:48.832595
F3,US,2025-11-12,3.02,FRED,BAMLH0A0HYM2,2026-06-09T17:30:48.832595
F3,US,2025-11-13,3.09,FRED,BAMLH0A0HYM2,2026-06-09T17:30:48.832595
F3,US,2025-11-14,3.07,FRED,BAMLH0A0HYM2,2026-06-09T17:30:48.832595
F3,US,2025-11-17,3.13,FRED,BAMLH0A0HYM2,2026-06-09T17:30:48.832595
F3,US,2025-11-18,3.2,FRED,BAMLH0A0HYM2,2026-06-09T17:30:48.832595
F3,US,2025-11-19,3.17,FRED,BAMLH0A0HYM2,2026-06-09T17:30:48.832595
F3,US,2025-11-20,3.17,FRED,BAMLH0A0HYM2,2026-06-09T17:30:48.832595
F3,US,2025-11-21,3.19,FRED,BAMLH0A0HYM2,2026-06-09T17:30:48.832595
F3,US,2025-11-24,3.15,FRED,BAMLH0A0HYM2,2026-06-09T17:30:48.832595
F3,US,2025-11-25,3.1,FRED,BAMLH0A0HYM2,2026-06-09T17:30:48.832595
F3,US,2025-11-26,3.0,FRED,BAMLH0A0HYM2,2026-06-09T17:30:48.832595
F3,US,2025-11-27,3.0,FRED,BAMLH0A0HYM2,2026-06-09T17:30:48.832595
F3,US,2025-11-28,2.95,FRED,BAMLH0A0HYM2,2026-06-09T17:30:48.832595
F3,US,2025-11-30,2.92,FRED,BAMLH0A0HYM2,2026-06-09T17:30:48.832595
F3,US,2025-12-01,2.94,FRED,BAMLH0A0HYM2,2026-06-09T17:30:48.832595
F3,US,2025-12-02,2.92,FRED,BAMLH0A0HYM2,2026-06-09T17:30:48.832595
F3,US,2025-12-03,2.89,FRED,BAMLH0A0HYM2,2026-06-09T17:30:48.832595
F3,US,2025-12-04,2.88,FRED,BAMLH0A0HYM2,2026-06-09T17:30:48.832595
F3,US,2025-12-05,2.85,FRED,BAMLH0A0HYM2,2026-06-09T17:30:48.832595
F3,US,2025-12-08,2.89,FRED,BAMLH0A0HYM2,2026-06-09T17:30:48.832595
F3,US,2025-12-09,2.89,FRED,BAMLH0A0HYM2,2026-06-09T17:30:48.832595
F3,US,2025-12-10,2.91,FRED,BAMLH0A0HYM2,2026-06-09T17:30:48.832595
F3,US,2025-12-11,2.88,FRED,BAMLH0A0HYM2,2026-06-09T17:30:48.832595
F3,US,2025-12-12,2.91,FRED,BAMLH0A0HYM2,2026-06-09T17:30:48.832595
F3,US,2025-12-15,2.91,FRED,BAMLH0A0HYM2,2026-06-09T17:30:48.832595
F3,US,2025-12-16,2.98,FRED,BAMLH0A0HYM2,2026-06-09T17:30:48.832595
F3,US,2025-12-17,2.99,FRED,BAMLH0A0HYM2,2026-06-09T17:30:48.832595
F3,US,2025-12-18,2.95,FRED,BAMLH0A0HYM2,2026-06-09T17:30:48.832595
F3,US,2025-12-19,2.9,FRED,BAMLH0A0HYM2,2026-06-09T17:30:48.832595
F3,US,2025-12-22,2.88,FRED,BAMLH0A0HYM2,2026-06-09T17:30:48.832595
F3,US,2025-12-23,2.83,FRED,BAMLH0A0HYM2,2026-06-09T17:30:48.832595
F3,US,2025-12-24,2.84,FRED,BAMLH0A0HYM2,2026-06-09T17:30:48.832595
F3,US,2025-12-26,2.86,FRED,BAMLH0A0HYM2,2026-06-09T17:30:48.832595
F3,US,2025-12-29,2.87,FRED,BAMLH0A0HYM2,2026-06-09T17:30:48.832595
F3,US,2025-12-30,2.84,FRED,BAMLH0A0HYM2,2026-06-09T17:30:48.832595
F3,US,2025-12-31,2.81,FRED,BAMLH0A0HYM2,2026-06-09T17:30:48.832595
F3,US,2026-01-02,2.83,FRED,BAMLH0A0HYM2,2026-06-09T17:30:48.832595
F3,US,2026-01-05,2.81,FRED,BAMLH0A0HYM2,2026-06-09T17:30:48.832595
F3,US,2026-01-06,2.79,FRED,BAMLH0A0HYM2,2026-06-09T17:30:48.832595
F3,US,2026-01-07,2.79,FRED,BAMLH0A0HYM2,2026-06-09T17:30:48.832595
F3,US,2026-01-08,2.76,FRED,BAMLH0A0HYM2,2026-06-09T17:30:48.832595
F3,US,2026-01-09,2.74,FRED,BAMLH0A0HYM2,2026-06-09T17:30:48.832595
F3,US,2026-01-12,2.74,FRED,BAMLH0A0HYM2,2026-06-09T17:30:48.832595
F3,US,2026-01-13,2.75,FRED,BAMLH0A0HYM2,2026-06-09T17:30:48.832595
F3,US,2026-01-14,2.76,FRED,BAMLH0A0HYM2,2026-06-09T17:30:48.832595
F3,US,2026-01-15,2.71,FRED,BAMLH0A0HYM2,2026-06-09T17:30:48.832595
F3,US,2026-01-16,2.65,FRED,BAMLH0A0HYM2,2026-06-09T17:30:48.832595
F3,US,2026-01-19,2.65,FRED,BAMLH0A0HYM2,2026-06-09T17:30:48.832595
F3,US,2026-01-20,2.73,FRED,BAMLH0A0HYM2,2026-06-09T17:30:48.832595
F3,US,2026-01-21,2.69,FRED,BAMLH0A0HYM2,2026-06-09T17:30:48.832595
F3,US,2026-01-22,2.64,FRED,BAMLH0A0HYM2,2026-06-09T17:30:48.832595
F3,US,2026-01-23,2.68,FRED,BAMLH0A0HYM2,2026-06-09T17:30:48.832595
F3,US,2026-01-26,2.69,FRED,BAMLH0A0HYM2,2026-06-09T17:30:48.832595
F3,US,2026-01-27,2.71,FRED,BAMLH0A0HYM2,2026-06-09T17:30:48.832595
F3,US,2026-01-28,2.72,FRED,BAMLH0A0HYM2,2026-06-09T17:30:48.832595
F3,US,2026-01-29,2.77,FRED,BAMLH0A0HYM2,2026-06-09T17:30:48.832595
F3,US,2026-01-30,2.8,FRED,BAMLH0A0HYM2,2026-06-09T17:30:48.832595
F3,US,2026-01-31,2.88,FRED,BAMLH0A0HYM2,2026-06-09T17:30:48.832595
F3,US,2026-02-02,2.81,FRED,BAMLH0A0HYM2,2026-06-09T17:30:48.832595
F3,US,2026-02-03,2.85,FRED,BAMLH0A0HYM2,2026-06-09T17:30:48.832595
F3,US,2026-02-04,2.86,FRED,BAMLH0A0HYM2,2026-06-09T17:30:48.832595
F3,US,2026-02-05,2.97,FRED,BAMLH0A0HYM2,2026-06-09T17:30:48.832595
F3,US,2026-02-06,2.87,FRED,BAMLH0A0HYM2,2026-06-09T17:30:48.832595
F3,US,2026-02-09,2.84,FRED,BAMLH0A0HYM2,2026-06-09T17:30:48.832595
F3,US,2026-02-10,2.86,FRED,BAMLH0A0HYM2,2026-06-09T17:30:48.832595
F3,US,2026-02-11,2.84,FRED,BAMLH0A0HYM2,2026-06-09T17:30:48.832595
F3,US,2026-02-12,2.92,FRED,BAMLH0A0HYM2,2026-06-09T17:30:48.832595
F3,US,2026-02-13,2.95,FRED,BAMLH0A0HYM2,2026-06-09T17:30:48.832595
F3,US,2026-02-16,2.94,FRED,BAMLH0A0HYM2,2026-06-09T17:30:48.832595
F3,US,2026-02-17,2.94,FRED,BAMLH0A0HYM2,2026-06-09T17:30:48.832595
F3,US,2026-02-18,2.86,FRED,BAMLH0A0HYM2,2026-06-09T17:30:48.832595
F3,US,2026-02-19,2.88,FRED,BAMLH0A0HYM2,2026-06-09T17:30:48.832595
F3,US,2026-02-20,2.86,FRED,BAMLH0A0HYM2,2026-06-09T17:30:48.832595
F3,US,2026-02-23,2.95,FRED,BAMLH0A0HYM2,2026-06-09T17:30:48.832595
F3,US,2026-02-24,2.97,FRED,BAMLH0A0HYM2,2026-06-09T17:30:48.832595
F3,US,2026-02-25,2.94,FRED,BAMLH0A0HYM2,2026-06-09T17:30:48.832595
F3,US,2026-02-26,2.98,FRED,BAMLH0A0HYM2,2026-06-09T17:30:48.832595
F3,US,2026-02-27,3.1,FRED,BAMLH0A0HYM2,2026-06-09T17:30:48.832595
F3,US,2026-02-28,3.12,FRED,BAMLH0A0HYM2,2026-06-09T17:30:48.832595
F3,US,2026-03-02,3.03,FRED,BAMLH0A0HYM2,2026-06-09T17:30:48.832595
F3,US,2026-03-03,3.08,FRED,BAMLH0A0HYM2,2026-06-09T17:30:48.832595
F3,US,2026-03-04,2.97,FRED,BAMLH0A0HYM2,2026-06-09T17:30:48.832595
F3,US,2026-03-05,3.0,FRED,BAMLH0A0HYM2,2026-06-09T17:30:48.832595
F3,US,2026-03-06,3.13,FRED,BAMLH0A0HYM2,2026-06-09T17:30:48.832595
F3,US,2026-03-09,3.19,FRED,BAMLH0A0HYM2,2026-06-09T17:30:48.832595
F3,US,2026-03-10,3.06,FRED,BAMLH0A0HYM2,2026-06-09T17:30:48.832595
F3,US,2026-03-11,3.09,FRED,BAMLH0A0HYM2,2026-06-09T17:30:48.832595
F3,US,2026-03-12,3.17,FRED,BAMLH0A0HYM2,2026-06-09T17:30:48.832595
F3,US,2026-03-13,3.28,FRED,BAMLH0A0HYM2,2026-06-09T17:30:48.832595
F3,US,2026-03-16,3.27,FRED,BAMLH0A0HYM2,2026-06-09T17:30:48.832595
F3,US,2026-03-17,3.22,FRED,BAMLH0A0HYM2,2026-06-09T17:30:48.832595
F3,US,2026-03-18,3.2,FRED,BAMLH0A0HYM2,2026-06-09T17:30:48.832595
F3,US,2026-03-19,3.27,FRED,BAMLH0A0HYM2,2026-06-09T17:30:48.832595
F3,US,2026-03-20,3.24,FRED,BAMLH0A0HYM2,2026-06-09T17:30:48.832595
F3,US,2026-03-23,3.19,FRED,BAMLH0A0HYM2,2026-06-09T17:30:48.832595
F3,US,2026-03-24,3.19,FRED,BAMLH0A0HYM2,2026-06-09T17:30:48.832595
F3,US,2026-03-25,3.17,FRED,BAMLH0A0HYM2,2026-06-09T17:30:48.832595
F3,US,2026-03-26,3.21,FRED,BAMLH0A0HYM2,2026-06-09T17:30:48.832595
F3,US,2026-03-27,3.42,FRED,BAMLH0A0HYM2,2026-06-09T17:30:48.832595
F3,US,2026-03-30,3.46,FRED,BAMLH0A0HYM2,2026-06-09T17:30:48.832595
F3,US,2026-03-31,3.28,FRED,BAMLH0A0HYM2,2026-06-09T17:30:48.832595
F3,US,2026-04-01,3.16,FRED,BAMLH0A0HYM2,2026-06-09T17:30:48.832595
F3,US,2026-04-02,3.17,FRED,BAMLH0A0HYM2,2026-06-09T17:30:48.832595
F3,US,2026-04-03,3.13,FRED,BAMLH0A0HYM2,2026-06-09T17:30:48.832595
F3,US,2026-04-06,3.05,FRED,BAMLH0A0HYM2,2026-06-09T17:30:48.832595
F3,US,2026-04-07,3.12,FRED,BAMLH0A0HYM2,2026-06-09T17:30:48.832595
F3,US,2026-04-08,2.94,FRED,BAMLH0A0HYM2,2026-06-09T17:30:48.832595
F3,US,2026-04-09,2.9,FRED,BAMLH0A0HYM2,2026-06-09T17:30:48.832595
F3,US,2026-04-10,2.94,FRED,BAMLH0A0HYM2,2026-06-09T17:30:48.832595
F3,US,2026-04-13,2.95,FRED,BAMLH0A0HYM2,2026-06-09T17:30:48.832595
F3,US,2026-04-14,2.84,FRED,BAMLH0A0HYM2,2026-06-09T17:30:48.832595
F3,US,2026-04-15,2.85,FRED,BAMLH0A0HYM2,2026-06-09T17:30:48.832595
F3,US,2026-04-16,2.86,FRED,BAMLH0A0HYM2,2026-06-09T17:30:48.832595
F3,US,2026-04-17,2.83,FRED,BAMLH0A0HYM2,2026-06-09T17:30:48.832595
F3,US,2026-04-20,2.87,FRED,BAMLH0A0HYM2,2026-06-09T17:30:48.832595
F3,US,2026-04-21,2.85,FRED,BAMLH0A0HYM2,2026-06-09T17:30:48.832595
F3,US,2026-04-22,2.84,FRED,BAMLH0A0HYM2,2026-06-09T17:30:48.832595
F3,US,2026-04-23,2.86,FRED,BAMLH0A0HYM2,2026-06-09T17:30:48.832595
F3,US,2026-04-24,2.86,FRED,BAMLH0A0HYM2,2026-06-09T17:30:48.832595
F3,US,2026-04-27,2.84,FRED,BAMLH0A0HYM2,2026-06-09T17:30:48.832595
F3,US,2026-04-28,2.85,FRED,BAMLH0A0HYM2,2026-06-09T17:30:48.832595
F3,US,2026-04-29,2.82,FRED,BAMLH0A0HYM2,2026-06-09T17:30:48.832595
F3,US,2026-04-30,2.83,FRED,BAMLH0A0HYM2,2026-06-09T17:30:48.832595
F3,US,2026-05-01,2.77,FRED,BAMLH0A0HYM2,2026-06-09T17:30:48.832595
F3,US,2026-05-04,2.78,FRED,BAMLH0A0HYM2,2026-06-09T17:30:48.832595
F3,US,2026-05-05,2.77,FRED,BAMLH0A0HYM2,2026-06-09T17:30:48.832595
F3,US,2026-05-06,2.75,FRED,BAMLH0A0HYM2,2026-06-09T17:30:48.832595
F3,US,2026-05-07,2.79,FRED,BAMLH0A0HYM2,2026-06-09T17:30:48.832595
F3,US,2026-05-08,2.81,FRED,BAMLH0A0HYM2,2026-06-09T17:30:48.832595
F3,US,2026-05-11,2.79,FRED,BAMLH0A0HYM2,2026-06-09T17:30:48.832595
F3,US,2026-05-12,2.82,FRED,BAMLH0A0HYM2,2026-06-09T17:30:48.832595
F3,US,2026-05-13,2.82,FRED,BAMLH0A0HYM2,2026-06-09T17:30:48.832595
F3,US,2026-05-14,2.76,FRED,BAMLH0A0HYM2,2026-06-09T17:30:48.832595
F3,US,2026-05-15,2.8,FRED,BAMLH0A0HYM2,2026-06-09T17:30:48.832595
F3,US,2026-05-18,2.83,FRED,BAMLH0A0HYM2,2026-06-09T17:30:48.832595
F3,US,2026-05-19,2.86,FRED,BAMLH0A0HYM2,2026-06-09T17:30:48.832595
F3,US,2026-05-20,2.8,FRED,BAMLH0A0HYM2,2026-06-09T17:30:48.832595
F3,US,2026-05-21,2.78,FRED,BAMLH0A0HYM2,2026-06-09T17:30:48.832595
F3,US,2026-05-22,2.74,FRED,BAMLH0A0HYM2,2026-06-09T17:30:48.832595
F3,US,2026-05-25,2.74,FRED,BAMLH0A0HYM2,2026-06-09T17:30:48.832595
F3,US,2026-05-26,2.72,FRED,BAMLH0A0HYM2,2026-06-09T17:30:48.832595
F3,US,2026-05-27,2.71,FRED,BAMLH0A0HYM2,2026-06-09T17:30:48.832595
F3,US,2026-05-28,2.72,FRED,BAMLH0A0HYM2,2026-06-09T17:30:48.832595
F3,US,2026-05-29,2.72,FRED,BAMLH0A0HYM2,2026-06-09T17:30:48.832595
F3,US,2026-05-31,2.74,FRED,BAMLH0A0HYM2,2026-06-09T17:30:48.832595
F3,US,2026-06-01,2.72,FRED,BAMLH0A0HYM2,2026-06-09T17:30:48.832595
F3,US,2026-06-02,2.71,FRED,BAMLH0A0HYM2,2026-06-09T17:30:48.832595
F3,US,2026-06-03,2.75,FRED,BAMLH0A0HYM2,2026-06-09T17:30:48.832595
F3,US,2026-06-04,2.74,FRED,BAMLH0A0HYM2,2026-06-09T17:30:48.832595
F3,US,2026-06-05,2.76,FRED,BAMLH0A0HYM2,2026-06-09T17:30:48.832595
F3,US,2026-06-08,2.75,FRED,BAMLH0A0HYM2,2026-06-09T17:30:48.832595
C1,US,2025-05-06,62.37,FRED,DCOILBRENTEU,2026-06-09T17:30:49.482049
C1,US,2025-05-07,60.31,FRED,DCOILBRENTEU,2026-06-09T17:30:49.482049
C1,US,2025-05-08,62.22,FRED,DCOILBRENTEU,2026-06-09T17:30:49.482049
C1,US,2025-05-09,64.26,FRED,DCOILBRENTEU,2026-06-09T17:30:49.482049
C1,US,2025-05-12,65.28,FRED,DCOILBRENTEU,2026-06-09T17:30:49.482049
C1,US,2025-05-13,66.93,FRED,DCOILBRENTEU,2026-06-09T17:30:49.482049
C1,US,2025-05-14,65.91,FRED,DCOILBRENTEU,2026-06-09T17:30:49.482049
C1,US,2025-05-15,64.36,FRED,DCOILBRENTEU,2026-06-09T17:30:49.482049
C1,US,2025-05-16,65.2,FRED,DCOILBRENTEU,2026-06-09T17:30:49.482049
C1,US,2025-05-19,66.25,FRED,DCOILBRENTEU,2026-06-09T17:30:49.482049
C1,US,2025-05-20,66.93,FRED,DCOILBRENTEU,2026-06-09T17:30:49.482049
C1,US,2025-05-21,65.86,FRED,DCOILBRENTEU,2026-06-09T17:30:49.482049
C1,US,2025-05-22,64.87,FRED,DCOILBRENTEU,2026-06-09T17:30:49.482049
C1,US,2025-05-23,65.41,FRED,DCOILBRENTEU,2026-06-09T17:30:49.482049
C1,US,2025-05-27,64.32,FRED,DCOILBRENTEU,2026-06-09T17:30:49.482049
C1,US,2025-05-28,65.72,FRED,DCOILBRENTEU,2026-06-09T17:30:49.482049
C1,US,2025-05-29,64.6,FRED,DCOILBRENTEU,2026-06-09T17:30:49.482049
C1,US,2025-05-30,64.32,FRED,DCOILBRENTEU,2026-06-09T17:30:49.482049
C1,US,2025-06-02,66.55,FRED,DCOILBRENTEU,2026-06-09T17:30:49.482049
C1,US,2025-06-03,67.48,FRED,DCOILBRENTEU,2026-06-09T17:30:49.482049
C1,US,2025-06-04,66.69,FRED,DCOILBRENTEU,2026-06-09T17:30:49.482049
C1,US,2025-06-05,67.14,FRED,DCOILBRENTEU,2026-06-09T17:30:49.482049
C1,US,2025-06-06,68.02,FRED,DCOILBRENTEU,2026-06-09T17:30:49.482049
C1,US,2025-06-09,68.73,FRED,DCOILBRENTEU,2026-06-09T17:30:49.482049
C1,US,2025-06-10,68.41,FRED,DCOILBRENTEU,2026-06-09T17:30:49.482049
C1,US,2025-06-11,71.29,FRED,DCOILBRENTEU,2026-06-09T17:30:49.482049
C1,US,2025-06-12,70.84,FRED,DCOILBRENTEU,2026-06-09T17:30:49.482049
C1,US,2025-06-13,76.0,FRED,DCOILBRENTEU,2026-06-09T17:30:49.482049
C1,US,2025-06-16,75.05,FRED,DCOILBRENTEU,2026-06-09T17:30:49.482049
C1,US,2025-06-17,78.7,FRED,DCOILBRENTEU,2026-06-09T17:30:49.482049
C1,US,2025-06-18,78.38,FRED,DCOILBRENTEU,2026-06-09T17:30:49.482049
C1,US,2025-06-19,80.37,FRED,DCOILBRENTEU,2026-06-09T17:30:49.482049
C1,US,2025-06-20,78.73,FRED,DCOILBRENTEU,2026-06-09T17:30:49.482049
C1,US,2025-06-23,74.34,FRED,DCOILBRENTEU,2026-06-09T17:30:49.482049
C1,US,2025-06-24,69.13,FRED,DCOILBRENTEU,2026-06-09T17:30:49.482049
C1,US,2025-06-25,68.4,FRED,DCOILBRENTEU,2026-06-09T17:30:49.482049
C1,US,2025-06-26,68.57,FRED,DCOILBRENTEU,2026-06-09T17:30:49.482049
C1,US,2025-06-27,69.37,FRED,DCOILBRENTEU,2026-06-09T17:30:49.482049
C1,US,2025-06-30,68.15,FRED,DCOILBRENTEU,2026-06-09T17:30:49.482049
C1,US,2025-07-01,67.63,FRED,DCOILBRENTEU,2026-06-09T17:30:49.482049
C1,US,2025-07-02,70.8,FRED,DCOILBRENTEU,2026-06-09T17:30:49.482049
C1,US,2025-07-03,70.42,FRED,DCOILBRENTEU,2026-06-09T17:30:49.482049
C1,US,2025-07-04,71.03,FRED,DCOILBRENTEU,2026-06-09T17:30:49.482049
C1,US,2025-07-07,71.95,FRED,DCOILBRENTEU,2026-06-09T17:30:49.482049
C1,US,2025-07-08,72.5,FRED,DCOILBRENTEU,2026-06-09T17:30:49.482049
C1,US,2025-07-09,71.98,FRED,DCOILBRENTEU,2026-06-09T17:30:49.482049
C1,US,2025-07-10,70.38,FRED,DCOILBRENTEU,2026-06-09T17:30:49.482049
C1,US,2025-07-11,72.06,FRED,DCOILBRENTEU,2026-06-09T17:30:49.482049
C1,US,2025-07-14,70.96,FRED,DCOILBRENTEU,2026-06-09T17:30:49.482049
C1,US,2025-07-15,70.27,FRED,DCOILBRENTEU,2026-06-09T17:30:49.482049
C1,US,2025-07-16,69.67,FRED,DCOILBRENTEU,2026-06-09T17:30:49.482049
C1,US,2025-07-17,71.32,FRED,DCOILBRENTEU,2026-06-09T17:30:49.482049
C1,US,2025-07-18,71.06,FRED,DCOILBRENTEU,2026-06-09T17:30:49.482049
C1,US,2025-07-21,71.92,FRED,DCOILBRENTEU,2026-06-09T17:30:49.482049
C1,US,2025-07-22,69.69,FRED,DCOILBRENTEU,2026-06-09T17:30:49.482049
C1,US,2025-07-23,69.17,FRED,DCOILBRENTEU,2026-06-09T17:30:49.482049
C1,US,2025-07-24,70.42,FRED,DCOILBRENTEU,2026-06-09T17:30:49.482049
C1,US,2025-07-25,69.23,FRED,DCOILBRENTEU,2026-06-09T17:30:49.482049
C1,US,2025-07-28,70.87,FRED,DCOILBRENTEU,2026-06-09T17:30:49.482049
C1,US,2025-07-29,73.21,FRED,DCOILBRENTEU,2026-06-09T17:30:49.482049
C1,US,2025-07-30,73.98,FRED,DCOILBRENTEU,2026-06-09T17:30:49.482049
C1,US,2025-07-31,73.43,FRED,DCOILBRENTEU,2026-06-09T17:30:49.482049
C1,US,2025-08-01,70.55,FRED,DCOILBRENTEU,2026-06-09T17:30:49.482049
C1,US,2025-08-04,69.56,FRED,DCOILBRENTEU,2026-06-09T17:30:49.482049
C1,US,2025-08-05,69.14,FRED,DCOILBRENTEU,2026-06-09T17:30:49.482049
C1,US,2025-08-06,67.97,FRED,DCOILBRENTEU,2026-06-09T17:30:49.482049
C1,US,2025-08-07,66.99,FRED,DCOILBRENTEU,2026-06-09T17:30:49.482049
C1,US,2025-08-08,67.17,FRED,DCOILBRENTEU,2026-06-09T17:30:49.482049
C1,US,2025-08-11,67.36,FRED,DCOILBRENTEU,2026-06-09T17:30:49.482049
C1,US,2025-08-12,66.8,FRED,DCOILBRENTEU,2026-06-09T17:30:49.482049
C1,US,2025-08-13,66.25,FRED,DCOILBRENTEU,2026-06-09T17:30:49.482049
C1,US,2025-08-14,68.12,FRED,DCOILBRENTEU,2026-06-09T17:30:49.482049
C1,US,2025-08-15,67.3,FRED,DCOILBRENTEU,2026-06-09T17:30:49.482049
C1,US,2025-08-18,68.18,FRED,DCOILBRENTEU,2026-06-09T17:30:49.482049
C1,US,2025-08-19,66.62,FRED,DCOILBRENTEU,2026-06-09T17:30:49.482049
C1,US,2025-08-20,67.61,FRED,DCOILBRENTEU,2026-06-09T17:30:49.482049
C1,US,2025-08-21,68.41,FRED,DCOILBRENTEU,2026-06-09T17:30:49.482049
C1,US,2025-08-22,68.29,FRED,DCOILBRENTEU,2026-06-09T17:30:49.482049
C1,US,2025-08-26,66.89,FRED,DCOILBRENTEU,2026-06-09T17:30:49.482049
C1,US,2025-08-27,67.75,FRED,DCOILBRENTEU,2026-06-09T17:30:49.482049
C1,US,2025-08-28,68.61,FRED,DCOILBRENTEU,2026-06-09T17:30:49.482049
C1,US,2025-08-29,67.83,FRED,DCOILBRENTEU,2026-06-09T17:30:49.482049
C1,US,2025-09-01,67.09,FRED,DCOILBRENTEU,2026-06-09T17:30:49.482049
C1,US,2025-09-02,68.09,FRED,DCOILBRENTEU,2026-06-09T17:30:49.482049
C1,US,2025-09-03,67.76,FRED,DCOILBRENTEU,2026-06-09T17:30:49.482049
C1,US,2025-09-04,66.41,FRED,DCOILBRENTEU,2026-06-09T17:30:49.482049
C1,US,2025-09-05,64.92,FRED,DCOILBRENTEU,2026-06-09T17:30:49.482049
C1,US,2025-09-08,65.44,FRED,DCOILBRENTEU,2026-06-09T17:30:49.482049
C1,US,2025-09-09,67.97,FRED,DCOILBRENTEU,2026-06-09T17:30:49.482049
C1,US,2025-09-10,67.62,FRED,DCOILBRENTEU,2026-06-09T17:30:49.482049
C1,US,2025-09-11,67.25,FRED,DCOILBRENTEU,2026-06-09T17:30:49.482049
C1,US,2025-09-12,67.87,FRED,DCOILBRENTEU,2026-06-09T17:30:49.482049
C1,US,2025-09-15,67.88,FRED,DCOILBRENTEU,2026-06-09T17:30:49.482049
C1,US,2025-09-16,69.69,FRED,DCOILBRENTEU,2026-06-09T17:30:49.482049
C1,US,2025-09-17,69.19,FRED,DCOILBRENTEU,2026-06-09T17:30:49.482049
C1,US,2025-09-18,67.83,FRED,DCOILBRENTEU,2026-06-09T17:30:49.482049
C1,US,2025-09-19,67.05,FRED,DCOILBRENTEU,2026-06-09T17:30:49.482049
C1,US,2025-09-22,66.87,FRED,DCOILBRENTEU,2026-06-09T17:30:49.482049
C1,US,2025-09-23,67.96,FRED,DCOILBRENTEU,2026-06-09T17:30:49.482049
C1,US,2025-09-24,69.64,FRED,DCOILBRENTEU,2026-06-09T17:30:49.482049
C1,US,2025-09-25,70.48,FRED,DCOILBRENTEU,2026-06-09T17:30:49.482049
C1,US,2025-09-26,71.15,FRED,DCOILBRENTEU,2026-06-09T17:30:49.482049
C1,US,2025-09-29,69.0,FRED,DCOILBRENTEU,2026-06-09T17:30:49.482049
C1,US,2025-09-30,68.52,FRED,DCOILBRENTEU,2026-06-09T17:30:49.482049
C1,US,2025-10-01,66.67,FRED,DCOILBRENTEU,2026-06-09T17:30:49.482049
C1,US,2025-10-02,65.44,FRED,DCOILBRENTEU,2026-06-09T17:30:49.482049
C1,US,2025-10-03,66.13,FRED,DCOILBRENTEU,2026-06-09T17:30:49.482049
C1,US,2025-10-06,67.09,FRED,DCOILBRENTEU,2026-06-09T17:30:49.482049
C1,US,2025-10-07,67.1,FRED,DCOILBRENTEU,2026-06-09T17:30:49.482049
C1,US,2025-10-08,67.42,FRED,DCOILBRENTEU,2026-06-09T17:30:49.482049
C1,US,2025-10-09,67.23,FRED,DCOILBRENTEU,2026-06-09T17:30:49.482049
C1,US,2025-10-10,64.41,FRED,DCOILBRENTEU,2026-06-09T17:30:49.482049
C1,US,2025-10-13,64.15,FRED,DCOILBRENTEU,2026-06-09T17:30:49.482049
C1,US,2025-10-14,63.0,FRED,DCOILBRENTEU,2026-06-09T17:30:49.482049
C1,US,2025-10-15,62.33,FRED,DCOILBRENTEU,2026-06-09T17:30:49.482049
C1,US,2025-10-16,61.08,FRED,DCOILBRENTEU,2026-06-09T17:30:49.482049
C1,US,2025-10-17,61.23,FRED,DCOILBRENTEU,2026-06-09T17:30:49.482049
C1,US,2025-10-20,60.71,FRED,DCOILBRENTEU,2026-06-09T17:30:49.482049
C1,US,2025-10-21,61.0,FRED,DCOILBRENTEU,2026-06-09T17:30:49.482049
C1,US,2025-10-22,62.28,FRED,DCOILBRENTEU,2026-06-09T17:30:49.482049
C1,US,2025-10-23,66.32,FRED,DCOILBRENTEU,2026-06-09T17:30:49.482049
C1,US,2025-10-24,65.8,FRED,DCOILBRENTEU,2026-06-09T17:30:49.482049
C1,US,2025-10-27,65.52,FRED,DCOILBRENTEU,2026-06-09T17:30:49.482049
C1,US,2025-10-28,64.03,FRED,DCOILBRENTEU,2026-06-09T17:30:49.482049
C1,US,2025-10-29,65.01,FRED,DCOILBRENTEU,2026-06-09T17:30:49.482049
C1,US,2025-10-30,65.11,FRED,DCOILBRENTEU,2026-06-09T17:30:49.482049
C1,US,2025-10-31,65.44,FRED,DCOILBRENTEU,2026-06-09T17:30:49.482049
C1,US,2025-11-03,65.79,FRED,DCOILBRENTEU,2026-06-09T17:30:49.482049
C1,US,2025-11-04,65.04,FRED,DCOILBRENTEU,2026-06-09T17:30:49.482049
C1,US,2025-11-05,63.54,FRED,DCOILBRENTEU,2026-06-09T17:30:49.482049
C1,US,2025-11-06,63.41,FRED,DCOILBRENTEU,2026-06-09T17:30:49.482049
C1,US,2025-11-07,63.72,FRED,DCOILBRENTEU,2026-06-09T17:30:49.482049
C1,US,2025-11-10,63.01,FRED,DCOILBRENTEU,2026-06-09T17:30:49.482049
C1,US,2025-11-11,63.86,FRED,DCOILBRENTEU,2026-06-09T17:30:49.482049
C1,US,2025-11-12,61.88,FRED,DCOILBRENTEU,2026-06-09T17:30:49.482049
C1,US,2025-11-13,62.14,FRED,DCOILBRENTEU,2026-06-09T17:30:49.482049
C1,US,2025-11-14,63.45,FRED,DCOILBRENTEU,2026-06-09T17:30:49.482049
C1,US,2025-11-17,63.16,FRED,DCOILBRENTEU,2026-06-09T17:30:49.482049
C1,US,2025-11-18,64.86,FRED,DCOILBRENTEU,2026-06-09T17:30:49.482049
C1,US,2025-11-19,63.78,FRED,DCOILBRENTEU,2026-06-09T17:30:49.482049
C1,US,2025-11-20,63.64,FRED,DCOILBRENTEU,2026-06-09T17:30:49.482049
C1,US,2025-11-21,62.78,FRED,DCOILBRENTEU,2026-06-09T17:30:49.482049
C1,US,2025-11-24,64.83,FRED,DCOILBRENTEU,2026-06-09T17:30:49.482049
C1,US,2025-11-25,63.99,FRED,DCOILBRENTEU,2026-06-09T17:30:49.482049
C1,US,2025-11-26,64.81,FRED,DCOILBRENTEU,2026-06-09T17:30:49.482049
C1,US,2025-11-27,64.18,FRED,DCOILBRENTEU,2026-06-09T17:30:49.482049
C1,US,2025-11-28,64.07,FRED,DCOILBRENTEU,2026-06-09T17:30:49.482049
C1,US,2025-12-01,64.22,FRED,DCOILBRENTEU,2026-06-09T17:30:49.482049
C1,US,2025-12-02,63.37,FRED,DCOILBRENTEU,2026-06-09T17:30:49.482049
C1,US,2025-12-03,63.75,FRED,DCOILBRENTEU,2026-06-09T17:30:49.482049
C1,US,2025-12-04,64.15,FRED,DCOILBRENTEU,2026-06-09T17:30:49.482049
C1,US,2025-12-05,64.42,FRED,DCOILBRENTEU,2026-06-09T17:30:49.482049
C1,US,2025-12-08,63.3,FRED,DCOILBRENTEU,2026-06-09T17:30:49.482049
C1,US,2025-12-09,62.62,FRED,DCOILBRENTEU,2026-06-09T17:30:49.482049
C1,US,2025-12-10,63.12,FRED,DCOILBRENTEU,2026-06-09T17:30:49.482049
C1,US,2025-12-11,61.87,FRED,DCOILBRENTEU,2026-06-09T17:30:49.482049
C1,US,2025-12-12,62.11,FRED,DCOILBRENTEU,2026-06-09T17:30:49.482049
C1,US,2025-12-15,61.55,FRED,DCOILBRENTEU,2026-06-09T17:30:49.482049
C1,US,2025-12-16,59.93,FRED,DCOILBRENTEU,2026-06-09T17:30:49.482049
C1,US,2025-12-17,60.61,FRED,DCOILBRENTEU,2026-06-09T17:30:49.482049
C1,US,2025-12-18,60.69,FRED,DCOILBRENTEU,2026-06-09T17:30:49.482049
C1,US,2025-12-19,61.35,FRED,DCOILBRENTEU,2026-06-09T17:30:49.482049
C1,US,2025-12-22,62.22,FRED,DCOILBRENTEU,2026-06-09T17:30:49.482049
C1,US,2025-12-23,63.7,FRED,DCOILBRENTEU,2026-06-09T17:30:49.482049
C1,US,2025-12-24,63.7,FRED,DCOILBRENTEU,2026-06-09T17:30:49.482049
C1,US,2025-12-29,63.1,FRED,DCOILBRENTEU,2026-06-09T17:30:49.482049
C1,US,2025-12-30,62.3,FRED,DCOILBRENTEU,2026-06-09T17:30:49.482049
C1,US,2025-12-31,61.35,FRED,DCOILBRENTEU,2026-06-09T17:30:49.482049
C1,US,2026-01-02,61.98,FRED,DCOILBRENTEU,2026-06-09T17:30:49.482049
C1,US,2026-01-05,63.0,FRED,DCOILBRENTEU,2026-06-09T17:30:49.482049
C1,US,2026-01-06,62.1,FRED,DCOILBRENTEU,2026-06-09T17:30:49.482049
C1,US,2026-01-07,61.08,FRED,DCOILBRENTEU,2026-06-09T17:30:49.482049
C1,US,2026-01-08,63.34,FRED,DCOILBRENTEU,2026-06-09T17:30:49.482049
C1,US,2026-01-09,65.11,FRED,DCOILBRENTEU,2026-06-09T17:30:49.482049
C1,US,2026-01-12,65.4,FRED,DCOILBRENTEU,2026-06-09T17:30:49.482049
C1,US,2026-01-13,67.58,FRED,DCOILBRENTEU,2026-06-09T17:30:49.482049
C1,US,2026-01-14,68.87,FRED,DCOILBRENTEU,2026-06-09T17:30:49.482049
C1,US,2026-01-15,66.16,FRED,DCOILBRENTEU,2026-06-09T17:30:49.482049
C1,US,2026-01-16,66.97,FRED,DCOILBRENTEU,2026-06-09T17:30:49.482049
C1,US,2026-01-19,66.91,FRED,DCOILBRENTEU,2026-06-09T17:30:49.482049
C1,US,2026-01-20,67.68,FRED,DCOILBRENTEU,2026-06-09T17:30:49.482049
C1,US,2026-01-21,66.72,FRED,DCOILBRENTEU,2026-06-09T17:30:49.482049
C1,US,2026-01-22,65.46,FRED,DCOILBRENTEU,2026-06-09T17:30:49.482049
C1,US,2026-01-23,68.16,FRED,DCOILBRENTEU,2026-06-09T17:30:49.482049
C1,US,2026-01-26,67.7,FRED,DCOILBRENTEU,2026-06-09T17:30:49.482049
C1,US,2026-01-27,70.28,FRED,DCOILBRENTEU,2026-06-09T17:30:49.482049
C1,US,2026-01-28,70.9,FRED,DCOILBRENTEU,2026-06-09T17:30:49.482049
C1,US,2026-01-29,71.0,FRED,DCOILBRENTEU,2026-06-09T17:30:49.482049
C1,US,2026-01-30,72.25,FRED,DCOILBRENTEU,2026-06-09T17:30:49.482049
C1,US,2026-02-02,67.72,FRED,DCOILBRENTEU,2026-06-09T17:30:49.482049
C1,US,2026-02-03,70.01,FRED,DCOILBRENTEU,2026-06-09T17:30:49.482049
C1,US,2026-02-04,71.15,FRED,DCOILBRENTEU,2026-06-09T17:30:49.482049
C1,US,2026-02-05,69.87,FRED,DCOILBRENTEU,2026-06-09T17:30:49.482049
C1,US,2026-02-06,70.45,FRED,DCOILBRENTEU,2026-06-09T17:30:49.482049
C1,US,2026-02-09,71.19,FRED,DCOILBRENTEU,2026-06-09T17:30:49.482049
C1,US,2026-02-10,71.01,FRED,DCOILBRENTEU,2026-06-09T17:30:49.482049
C1,US,2026-02-11,71.52,FRED,DCOILBRENTEU,2026-06-09T17:30:49.482049
C1,US,2026-02-12,69.8,FRED,DCOILBRENTEU,2026-06-09T17:30:49.482049
C1,US,2026-02-13,69.96,FRED,DCOILBRENTEU,2026-06-09T17:30:49.482049
C1,US,2026-02-16,70.81,FRED,DCOILBRENTEU,2026-06-09T17:30:49.482049
C1,US,2026-02-17,69.77,FRED,DCOILBRENTEU,2026-06-09T17:30:49.482049
C1,US,2026-02-18,71.78,FRED,DCOILBRENTEU,2026-06-09T17:30:49.482049
C1,US,2026-02-19,73.17,FRED,DCOILBRENTEU,2026-06-09T17:30:49.482049
C1,US,2026-02-20,72.75,FRED,DCOILBRENTEU,2026-06-09T17:30:49.482049
C1,US,2026-02-23,71.9,FRED,DCOILBRENTEU,2026-06-09T17:30:49.482049
C1,US,2026-02-24,71.21,FRED,DCOILBRENTEU,2026-06-09T17:30:49.482049
C1,US,2026-02-25,70.69,FRED,DCOILBRENTEU,2026-06-09T17:30:49.482049
C1,US,2026-02-26,71.66,FRED,DCOILBRENTEU,2026-06-09T17:30:49.482049
C1,US,2026-02-27,71.32,FRED,DCOILBRENTEU,2026-06-09T17:30:49.482049
C1,US,2026-03-02,77.24,FRED,DCOILBRENTEU,2026-06-09T17:30:49.482049
C1,US,2026-03-03,83.28,FRED,DCOILBRENTEU,2026-06-09T17:30:49.482049
C1,US,2026-03-04,81.56,FRED,DCOILBRENTEU,2026-06-09T17:30:49.482049
C1,US,2026-03-05,88.59,FRED,DCOILBRENTEU,2026-06-09T17:30:49.482049
C1,US,2026-03-06,95.74,FRED,DCOILBRENTEU,2026-06-09T17:30:49.482049
C1,US,2026-03-09,94.35,FRED,DCOILBRENTEU,2026-06-09T17:30:49.482049
C1,US,2026-03-10,89.84,FRED,DCOILBRENTEU,2026-06-09T17:30:49.482049
C1,US,2026-03-11,90.98,FRED,DCOILBRENTEU,2026-06-09T17:30:49.482049
C1,US,2026-03-12,102.38,FRED,DCOILBRENTEU,2026-06-09T17:30:49.482049
C1,US,2026-03-13,103.23,FRED,DCOILBRENTEU,2026-06-09T17:30:49.482049
C1,US,2026-03-16,101.04,FRED,DCOILBRENTEU,2026-06-09T17:30:49.482049
C1,US,2026-03-17,108.39,FRED,DCOILBRENTEU,2026-06-09T17:30:49.482049
C1,US,2026-03-18,118.09,FRED,DCOILBRENTEU,2026-06-09T17:30:49.482049
C1,US,2026-03-19,111.05,FRED,DCOILBRENTEU,2026-06-09T17:30:49.482049
C1,US,2026-03-20,118.42,FRED,DCOILBRENTEU,2026-06-09T17:30:49.482049
C1,US,2026-03-23,103.79,FRED,DCOILBRENTEU,2026-06-09T17:30:49.482049
C1,US,2026-03-24,108.42,FRED,DCOILBRENTEU,2026-06-09T17:30:49.482049
C1,US,2026-03-25,109.14,FRED,DCOILBRENTEU,2026-06-09T17:30:49.482049
C1,US,2026-03-26,113.39,FRED,DCOILBRENTEU,2026-06-09T17:30:49.482049
C1,US,2026-03-27,121.47,FRED,DCOILBRENTEU,2026-06-09T17:30:49.482049
C1,US,2026-03-30,121.88,FRED,DCOILBRENTEU,2026-06-09T17:30:49.482049
C1,US,2026-03-31,126.69,FRED,DCOILBRENTEU,2026-06-09T17:30:49.482049
C1,US,2026-04-01,119.56,FRED,DCOILBRENTEU,2026-06-09T17:30:49.482049
C1,US,2026-04-02,127.61,FRED,DCOILBRENTEU,2026-06-09T17:30:49.482049
C1,US,2026-04-07,138.21,FRED,DCOILBRENTEU,2026-06-09T17:30:49.482049
C1,US,2026-04-08,122.11,FRED,DCOILBRENTEU,2026-06-09T17:30:49.482049
C1,US,2026-04-09,119.03,FRED,DCOILBRENTEU,2026-06-09T17:30:49.482049
C1,US,2026-04-10,119.07,FRED,DCOILBRENTEU,2026-06-09T17:30:49.482049
C1,US,2026-04-13,123.28,FRED,DCOILBRENTEU,2026-06-09T17:30:49.482049
C1,US,2026-04-14,118.69,FRED,DCOILBRENTEU,2026-06-09T17:30:49.482049
C1,US,2026-04-15,114.93,FRED,DCOILBRENTEU,2026-06-09T17:30:49.482049
C1,US,2026-04-16,116.63,FRED,DCOILBRENTEU,2026-06-09T17:30:49.482049
C1,US,2026-04-17,98.63,FRED,DCOILBRENTEU,2026-06-09T17:30:49.482049
C1,US,2026-04-20,103.4,FRED,DCOILBRENTEU,2026-06-09T17:30:49.482049
C1,US,2026-04-21,106.14,FRED,DCOILBRENTEU,2026-06-09T17:30:49.482049
C1,US,2026-04-22,113.44,FRED,DCOILBRENTEU,2026-06-09T17:30:49.482049
C1,US,2026-04-23,113.25,FRED,DCOILBRENTEU,2026-06-09T17:30:49.482049
C1,US,2026-04-24,111.86,FRED,DCOILBRENTEU,2026-06-09T17:30:49.482049
C1,US,2026-04-27,113.89,FRED,DCOILBRENTEU,2026-06-09T17:30:49.482049
C1,US,2026-04-28,117.62,FRED,DCOILBRENTEU,2026-06-09T17:30:49.482049
C1,US,2026-04-29,124.16,FRED,DCOILBRENTEU,2026-06-09T17:30:49.482049
C1,US,2026-04-30,124.24,FRED,DCOILBRENTEU,2026-06-09T17:30:49.482049
C1,US,2026-05-01,118.26,FRED,DCOILBRENTEU,2026-06-09T17:30:49.482049
C1,US,2026-05-05,114.51,FRED,DCOILBRENTEU,2026-06-09T17:30:49.482049
C1,US,2026-05-06,103.7,FRED,DCOILBRENTEU,2026-06-09T17:30:49.482049
C1,US,2026-05-07,101.82,FRED,DCOILBRENTEU,2026-06-09T17:30:49.482049
C1,US,2026-05-08,103.48,FRED,DCOILBRENTEU,2026-06-09T17:30:49.482049
C1,US,2026-05-11,106.11,FRED,DCOILBRENTEU,2026-06-09T17:30:49.482049
C1,US,2026-05-12,111.37,FRED,DCOILBRENTEU,2026-06-09T17:30:49.482049
C1,US,2026-05-13,110.28,FRED,DCOILBRENTEU,2026-06-09T17:30:49.482049
C1,US,2026-05-14,110.91,FRED,DCOILBRENTEU,2026-06-09T17:30:49.482049
C1,US,2026-05-15,113.96,FRED,DCOILBRENTEU,2026-06-09T17:30:49.482049
C1,US,2026-05-18,116.73,FRED,DCOILBRENTEU,2026-06-09T17:30:49.482049
C1,US,2026-05-19,114.64,FRED,DCOILBRENTEU,2026-06-09T17:30:49.482049
C1,US,2026-05-20,108.93,FRED,DCOILBRENTEU,2026-06-09T17:30:49.482049
C1,US,2026-05-21,105.84,FRED,DCOILBRENTEU,2026-06-09T17:30:49.482049
C1,US,2026-05-22,106.9,FRED,DCOILBRENTEU,2026-06-09T17:30:49.482049
C1,US,2026-05-26,102.75,FRED,DCOILBRENTEU,2026-06-09T17:30:49.482049
C1,US,2026-05-27,97.11,FRED,DCOILBRENTEU,2026-06-09T17:30:49.482049
C1,US,2026-05-28,95.47,FRED,DCOILBRENTEU,2026-06-09T17:30:49.482049
C1,US,2026-05-29,92.88,FRED,DCOILBRENTEU,2026-06-09T17:30:49.482049
C1,US,2026-06-01,98.29,FRED,DCOILBRENTEU,2026-06-09T17:30:49.482049
